company_id|company_no|company_name|company_intype|company_constitution|company_incorporation|company_objectives|company_industrya|company_industryb|company_website|company_staffid|company_comment|company_remark|company_country|company_gst|company_activate|company_financialyearend
35|986115-H|CCE O&G HOLDINGS SDN. BHD.|Own|Private Limited|10/04/2012|||||4|||Malaysia||t|30/06/2017
36|707802-W|CCE OIL & GAS (M) SDN. BHD.|Takeover|Private Limited|26/08/2005|||||4|||Malaysia||t|31/12/2016
37|960541-K|CCE SAFETY EQUIPMENT (M) SDN. BHD.|Own|Private Limited|19/09/2011|||||4|||Malaysia||t|31/12/2016
2|750059-M|10 LINGKUNGAN SDN. BHD.|Own|Private Limited|10/10/2006|||||4|||Malaysia||t|31/12/2017
38|683101-K|CEDAR BROADCAST & COMMUNICATIONS (M) SDN. BHD.|Own|Private Limited|03/03/2005|||||4|||Malaysia||t|30/06/2017
39|693603-A|CEDAR COMMUNICATIONS (M) SDN. BHD.|Own|Private Limited|02/06/2005|||||4|||Malaysia||t|30/06/2017
40|396732-U|CENTRAL FORCE INTERNATIONAL SDN. BHD.|Own|Private Limited|05/08/1996|||||4|||Malaysia||t|31/12/2017
4|862980-X||Takeover|Private Limited|02/07/2009|||||4|||Malaysia||f|01/01/2017
41|321145-A|CENTRAL FORCE SDN. BHD.|Takeover|Private Limited|25/10/1994|||||4|||Malaysia||t|31/12/2017
5|862980-X|OPINION TIGER SDN.BHD|Takeover|Private Limited|02/07/2009|||||4|||Malaysia||f|01/01/2017
42|426270-P|CHOICE CREATIONS SDN. BHD.|Takeover|Private Limited|04/04/1997|||||4|||Malaysia||t|31/03/2017
6|862980-X|OPINION TIGER SDN.BHD|Takeover|Private Limited|02/07/2009|||||4|||Malaysia||f|01/01/2017
7|862980-X|ACE CSR SDN.BHD|Takeover|Private Limited|02/07/2009|||||4|||Malaysia||t|01/01/2017
8|1068230-M|ACH DESIGN SDN.BHD|Own|Private Limited|29/10/2013|||||4|||Malaysia||t|01/01/2017
9|1190259-P|ACRO ASCENT ENGINEERING SDN.BHD.|Own|Private Limited|03/06/2016|||||4|||Malaysia||t|01/01/2017
10|838566-W||Own|Private Limited|13/11/2008|||||4|||Malaysia||f|01/01/2017
11|838566-W|ACRO AVENUE ENGINEERING SDN. BHD.|Own|Private Limited|13/11/2008|||||4|||Malaysia||t|01/01/2017
12|805092-M|ACRO AVENUE SDN. BHD.|Own|Private Limited|31/01/2008|||||4|||Malaysia||t|01/01/2017
13|670274-P|AL SAKKAF TRAVEL & TOURS SDN. BHD.|Takeover|Private Limited|22/10/2004|||||4|||Malaysia||f|01/01/2017
43|396730-W|CHONG KAIN HUAT HOLDINGS SDN. BHD.|Own|Private Limited|05/08/1996|||||4|||Malaysia||t|31/12/2017
14|670274-P|AL SAKKAF TRAVEL & TOURS SDN. BHD.|Takeover|Private Limited|22/10/2004|||||4|||Malaysia||t|01/01/2017
16|185754|MERCHANT PIONEER LIMITED|Own|Private Limited|28/07/2016|||||1|||Singapore||f|01/01/2017
44|1151844-U|CHROME VENTURE SDN. BHD.|Takeover|Private Limited|10/07/2015|||||4|||Malaysia||t|30/06/2017
15|185754|AMPREX INTERNATIONAL LIMITED|Own|Private Limited|28/07/2016|||||1|||Austria||t|01/01/2017
17|1004122-A|APURBA TECHNOLOGIES SDN. BHD.|Own|Private Limited|30/05/2012|||||4|||Malaysia||t|01/01/2017
18|1004122-A|APURBA TECHNOLOGIES SDN. BHD.|Own|Private Limited|30/05/2012|||||4|||Malaysia||f|01/01/2017
19|979688-V|AQUAEFX TECHNIC SDN. BHD.|Own|Private Limited|27/02/2012|||||4|||Malaysia||t|01/01/2017
1|493784-U|SYMBOLIC EXCEL SDN. BHD. |Takeover|Private Limited|13/09/1999|||||2|||Malaysia|988889088|f|28/02/2017
22|1033839-K|ASKIA SERVICES SDN. BHD.|Own|Private Limited|04/02/2013|||||4|||Malaysia||t|01/01/2017
23|501435-A|ASPIRE POSITION SDN. BHD.|Own|Private Limited|17/12/1999|||||4|||Malaysia||t|31/12/2017
24|587265-P|ASTRADEX SDN. BHD.|Own|Private Limited|24/07/2002|||||4|||Malaysia||t|30/09/2013
25|801401-M|ATA PAINT SDN. BHD.|Takeover|Private Limited|02/01/2008|||||4|||Malaysia||t|31/12/2017
27|494547-V|AZMAN ABADI SDN. BHD.|Takeover|Private Limited|22/09/1999|||||4|||Malaysia||t|31/12/2015
28|811901-T|BAGUS NIAGA SDN. BHD.|Own|Private Limited|01/04/2008|||||4|||Malaysia||t|31/12/2017
29|1025122-H|BEYOND RESTAURANTS SDN. BHD.|Takeover|Private Limited|21/11/2012|||||4|||Malaysia||t|31/12/2017
30|387743-D|BOLD CARRIAGE SDN. BHD.|Own|Private Limited|17/05/1996|||||4|||Malaysia||t|30/06/2016
31|671925-A|BUSINESSAIMS SDN. BHD.|Own|Private Limited|08/11/2004|||||4|||Malaysia||t|31/12/2010
33|619921-V|CABLES & CONTROLS ENGINEERING SDN. BHD.|Own|Private Limited|27/06/2003|||||4|||Malaysia||t|30/06/2017
34|874504-U|CAJUN ASIAN SDN.BHD|Takeover|Private Limited|08/10/2009|||||4|||Malaysia||t|30/09/2017
45|704491-H|COMMITCOM SDN. BHD.|Own|Private Limited|28/07/2005|||||4|||Malaysia||t|31/12/2017
46|599913-U|COMPASSIONATE CAPITAL SDN. BHD.|Own|Private Limited|26/11/2002|||||4|||Malaysia||t|31/03/2015
47|755950-K|COMPULSORY EVENTS & EXHIBITIONS SDN. BHD.|Own|Private Limited|11/12/2006|||||4|||Malaysia||t|31/12/2017
48|1117917-W|COSMOVATE GROUP SDN. BHD.|Own|Private Limited|13/11/2014|||||4|||Malaysia||t|31/10/2016
49|405148-X|CREATIVE JUNCTION SDN. BHD.|Own|Private Limited|07/10/1996|||||4|||Malaysia||t|31/12/2017
50|510160-X|COSTUMES 'N' PARTIES SDN. BHD.|Own|Private Limited|05/04/2000|||||4|||Malaysia||t|30/04/2010
51|476559-W|CRIMSON EIGHT SDN. BHD.|Own|Private Limited|03/02/1999|||||4|||Malaysia||t|31/12/2017
52|1183841-U|D FORCE SAMPLING SDN. BHD.|Own|Private Limited|15/04/2016|||||4|||Malaysia||t|31/12/2017
54|975382-V|D&P PROCESS SERVICES SDN. BHD.|Own|Private Limited|17/01/2012|||||4|||Malaysia||t|31/12/2017
55|899685-H|DAMANSARA GARDEN CITY SDN. BHD.|Own|Private Limited|26/04/2010|||||4|||Malaysia||t|31/12/2017
21|842086-V|ARVIRICH SDN. BHD.|Own|Private Limited|19/12/2008|||||4|||Malaysia||t|31/12/2014
58|816283-A|DREAM KIDS SDN. BHD.|Own|Private Limited|06/05/2008|||||4|||Malaysia||t|31/07/2017
60|1192024-V|DV AUDIO MALAYSIA SDN. BHD.|Own|Private Limited|20/06/2016|||||4|||Malaysia||t|01/01/2017
61|1192024-V|DV AUDIO MALAYSIA SDN. BHD.|Own|Private Limited|20/06/2016|||||4|||Malaysia||f|01/01/2017
64|883806-A|EGM INDUSTRIES SUPPLY SDN. BHD.|Own|Private Limited|24/12/2009|||||4|||Malaysia||t|31/12/2017
65|456826-T|ELECTRIC ANGELS MSC SDN. BHD.|Own|Private Limited|16/01/1998|||||4|||Malaysia||t|30/06/2007
63|1031359-W|EASYDO SIGNATURE SDN. BHD.|Own|Private Limited|14/01/2013|||||4|||Malaysia||f|31/12/2017
20|1001569-U|ARMOURY VENTURES SDN. BHD.|Takeover|Private Limited|14/05/2012|||||4|||Malaysia||f|30/07/2014
56|1092114-W|DENAI 23 SDN.BHD.|Takeover|Private Limited|05/05/2014|||||4|"Newfields Group
"||Malaysia||t|31/12/2017
53|1209382-X|D&P INNOVATIONS SDN. BHD.|Own|Private Limited|17/11/2016|||||4|||Malaysia||t|31/12/2017
66|966897-H|EMA MAJU SDN. BHD.|Own|Private Limited|04/11/2011|||||4|||Malaysia||t|31/12/2017
71|426997-H|EUROCASH SDN. BHD.|Takeover|Private Limited|09/04/1997|||||4|||Malaysia||t|31/12/2015
26|1205976-T|AYU HERBA SDN. BHD.|Own|Private Limited|20/10/2016|S551(1) dated 2018-02-08||||4|||Malaysia||t|30/09/2017
3|1113303-W|3H TECH SDN.BHD|Own|Private Limited|14/10/2014|||||4|Dereg submit on 21.11.2017||Malaysia||t|01/01/2017
67|1138668-W|ENE EC AGENCY SABAH SDN. BHD.|Own|Private Limited|02/04/2015|||||4|||Malaysia||t|31/12/2017
68|653692-W|ENERA COMMUNICATIONS SDN. BHD.|Own|Private Limited|25/05/2004|||||4|||Malaysia||t|31/07/2017
69|845307-W|ENG GUAN MARKETING SDN. BHD.|Own|Private Limited|23/01/2009|||||4|||Malaysia||t|31/01/2018
83|1199428-A|GLADVIEW DEVELOPMENT SDN. BHD.|Takeover|Private Limited|23/08/2016|||||4|||Malaysia||t|31/12/2017
72|524201-P|EXCEL SOUTHERN ENGINEERING SDN. BHD.|Takeover|Private Limited|22/08/2000|||||4|||Malaysia||t|31/12/2013
73|469876-A|EXHIBITION DESIGNER & BUILDER SDN. BHD.|Own|Private Limited|06/10/1998|||||4|||Malaysia||t|31/12/2016
74|1119989-K|FABZMAG SDN. BHD.|Own|Private Limited|26/11/2014|||||4|||Malaysia||t|31/10/2016
75|1114979-T|FALCON AGENCY SDN. BHD.|Own|Private Limited|27/10/2014|||||4|||Malaysia||t|31/12/2017
78|597702-M|GALAXY ART STUDIO SDN. BHD.|Takeover|Private Limited|05/11/2002|||||4|||Malaysia||t|31/12/2017
79|1118789-W|GEM SYSTEMS SDN. BHD.|Takeover|Private Limited|19/11/2014|||||4|||Malaysia||t|31/12/2017
80|449669-U|GEMILANG THUAN SDN. BHD.|Own|Private Limited|11/10/1997|||||4|||Malaysia||t|31/10/2013
81|1116684-X|GENERON ASIA SDN. BHD.|Own|Private Limited|06/11/2014|||||4|||Malaysia||t|31/12/2017
82|801190-H|GILDA TRADING SDN. BHD.|Takeover|Private Limited|31/12/2007|||||4|||Malaysia||t|31/12/2017
84|1130624-V|GNS ASIA SDN. BHD.|Own|Private Limited|06/02/2015|||||4|||Malaysia||t|31/12/2017
85|1128563-K|GOLDEN IMPRESS DEVELOPMENT SDN. BHD.|Takeover|Private Limited|23/01/2015|||||4|||Malaysia||t|01/01/2017
89|1049673-D|GOOD ANGLE SDN. BHD.|Takeover|Private Limited|12/06/2013|||||4|||Malaysia||f|30/06/2017
88|1049673-D|GOOD ANGLE SDN. BHD.|Takeover|Private Limited|12/06/2013|||||4|||Malaysia||f|30/06/2017
86|1049673-D|GOOD ANGLE SDN. BHD.|Takeover|Private Limited|12/06/2013|||||4|||Malaysia||f|30/06/2017
87|1049673-D|GOOD ANGLE SDN. BHD.|Takeover|Private Limited|12/06/2013|||||4|||Malaysia||f|30/06/2017
90|1049673-D|GOOD ANGLE SDN. BHD.|Takeover|Private Limited|12/06/2013|||||4|||Malaysia||t|30/06/2017
91|1049673-D|GOOD ANGLE SDN. BHD.|Takeover|Private Limited|12/06/2013|||||4|||Malaysia||f|30/06/2017
92|1232228-U|GREATER COMM SDN. BHD.|Own|Private Limited|24/05/2017|||||4|||Malaysia||t|01/01/2017
94|1232228-U|GREATER COMM SDN. BHD.|Own|Private Limited|24/05/2017|||||4|||Malaysia||f|01/01/2017
93|1232228-U|GREATER COMM SDN. BHD.|Own|Private Limited|24/05/2017|||||4|||Malaysia||f|01/01/2017
97|481233-V|GRIMPS WALLCOVERINGS & CARPETS SDN.BHD.|Own|Private Limited|15/04/1999|||||4|||Malaysia||f|30/04/2017
96|481233-V|GRIMPS WALLCOVERINGS & CARPETS SDN.BHD.|Own|Private Limited|15/04/1999|||||4|||Malaysia||f|30/04/2017
95|481233-V|GREEN WATER CARE SDN. BHD.|Own|Private Limited|15/04/1999|||||4|||Malaysia||t|30/04/2017
98|1201859-H|GYNCHU KUALA LUMPUR SDN. BHD.|Own|Private Limited|14/09/2016|||||4|||Malaysia||t|01/01/2017
99|1066789-K|HALL CONTRACTING SDN. BHD.|Own|Private Limited|18/10/2013|||||4|||Malaysia||t|30/09/2016
100|710961-K|HKS MINERAL RESOURCES SDN. BHD.|Own|Private Limited|26/09/2005|||||4|||Malaysia||t|31/12/2016
101|885522-V|HUP SOON FOOD INDUSTRY SDN. BHD.|Own|Private Limited|08/01/2010|||||4|||Malaysia||t|31/12/2017
102|1107868-T|ILHAM HARTANIAGA SDN. BHD.|Takeover|Private Limited|05/09/2014|||||4|||Malaysia||t|31/12/2017
103|756344-A|ILLUSION EFFECTS SDN. BHD.|Own|Private Limited|14/12/2006|||||4|||Malaysia||t|31/12/2017
104|933459-M|JASA MARINE EXPERTISE SDN. BHD.|Own|Private Limited|22/02/2011|||||4|||Malaysia||t|31/03/2017
105|914356-D|JEJAK PERSONA SDN. BHD.|Takeover|Private Limited|07/09/2010|||||4|||Malaysia||t|31/12/2017
106|475488-X|JOYI LINK SDN. BHD.|Own|Private Limited|13/01/1999|||||4|||Malaysia||t|31/05/2017
107|1039072-X|JTMN HOLDINGS SDN. BHD.|Own|Private Limited|20/03/2013|||||4|||Malaysia||t|30/04/2017
108|1021450-K|KAIROS OIL SDN. BHD.|Own|Private Limited|18/10/2012|||||4|||Malaysia||t|30/06/2017
109|1019103-U|KBD MAX ENGINEERING CONSULTANTS SDN. BHD.|Own|Private Limited|02/10/2012|||||4|||Malaysia||t|30/09/2014
110|1215911-T|KHALSA ENTERTAINMENT SDN. BHD.|Own|Private Limited|16/01/2017|||||4|||Malaysia||t|01/01/2017
111|537424-X|KHAN GROWTH & MARKETING SDN. BHD.|Own|Private Limited|22/01/2001|||||4|||Malaysia||t|30/06/2017
112|960909-W|KYOWA HEALTHCARE (M) SDN. BHD.|Own|Private Limited|21/09/2011|||||4|||Malaysia||t|30/09/2017
113|628298-M|LE TOUAREG TRAVEL & TOUR SDN. BHD.|Own|Private Limited|16/09/2003|||||4|||Malaysia||t|31/12/2016
114|1114145-K|LENDINGSTAR MALAYSIA SDN. BHD.|Own|Private Limited|20/10/2014|||||4|||Malaysia||t|31/12/2017
115|705980-M|LEXAGON ENGINEERING SDN. BHD.|Own|Private Limited|10/08/2005|||||4|||Malaysia||t|31/12/2017
116|806673-V|LEXIJAYA SDN. BHD.|Takeover|Private Limited|18/02/2008|||||4|||Malaysia||t|28/02/2015
117|726724-K|LIVING ACRES SDN. BHD.|Own|Private Limited|14/03/2006|||||4|||Malaysia||t|30/04/2017
118|1185748-K|MA BUILDMART SDN. BHD.|Own|Private Limited|29/04/2016|||||4|||Malaysia||t|01/01/2017
119|786732-U|MAHA DELIMA HOLDINGS SDN. BHD.|Own|Private Limited|31/08/2007|||||4|||Malaysia||t|31/12/2017
120|752569-M|MALVALE SDN. BHD.|Own|Private Limited|08/11/2006|||||4|||Malaysia||t|31/12/2017
121|604727-P|MARIGOLD ACRES SDN. BHD.|Own|Private Limited|25/01/2003|||||4|||Malaysia||t|31/12/2017
122|1069409-M|MARKSCHEFFEL TRAINING SDN. BHD.|Own|Private Limited|08/11/2013|||||4|||Malaysia||t|31/10/2016
57|LLP0000650|DORSEA PLT|Own|Limited Liability Partnership|25/07/2013|||||4|||Malaysia||t|31/10/2016
123|974113-T|MASSARI ASAS SDN. BHD.|Takeover|Private Limited|05/01/2012|||||4|||Malaysia||t|31/12/2017
124|351634-A|MATLAMAT ANGGUN SDN. BHD.|Takeover|Private Limited|18/07/1995|||||4|||Malaysia||t|31/12/2017
125|1098301-T|MAXOP ENERGY SDN. BHD.|Own|Private Limited|19/06/2014|||||4|||Malaysia||t|30/06/2017
126|739202-U|MEECON ENGINEERING & TRADING SDN. BHD.|Own|Private Limited|28/06/2006|||||4|||Malaysia||t|31/12/2017
127|1108431-V|MEECON EQUIPMENT SDN. BHD.|Own|Private Limited|10/09/2014|||||4|||Malaysia||t|31/12/2017
128|923405-T|MEECON HEAVY MACHINERY SDN. BHD.|Own|Private Limited|26/11/2010|||||4|||Malaysia||t|31/12/2017
129|501040-X|MEQAR RESOURCES SDN. BHD.|Own|Private Limited|13/12/1999|||||4|||Malaysia||t|31/05/2017
70|610319-H|ESOLID SOLUTIONS SDN. BHD.|Own|Private Limited|28/03/2003|||||4|||Malaysia||f|31/08/2017
130|50039-M|MOTOR JASA ADJUSTERS SDN. BHD.|Takeover|Private Limited|20/08/1979|||||4|||Malaysia||t|31/12/2017
131|763498-V|MUTIARA CORPORATION SDN. BHD.|Own|Private Limited|22/02/2007|||||4|||Malaysia||t|30/06/2017
132|915582-W|MYDORSEA GROUP SDN. BHD.|Own|Private Limited|23/09/2010|||||4|||Malaysia||t|31/07/2015
133|987119-T|NASSIM DEVELOPMENT SDN. BHD.|Takeover|Private Limited|18/04/2012|||||4|||Malaysia||t|31/12/2017
134|1049202-K|NATLAY GROUP SDN. BHD.|Own|Private Limited|10/06/2013|||||4|||Malaysia||t|01/01/2017
135|530017-H|NET COMMUNITY SDN. BHD.|Own|Private Limited|25/10/2000|||||4|||Malaysia||t|31/10/2016
136|901367-M|NEWFIELDS INVESTMENTS SDN. BHD.|Own|Private Limited|18/05/2010|||||4|||Malaysia||t|31/12/2017
137|939272-V|NOVA COM HARTA SDN. BHD.|Own|Private Limited|06/04/2011|||||4|||Malaysia||t|30/06/2013
176|1161881-H|SUPER MJL BOOM LIFT SDN. BHD.|Own|Private Limited|12/10/2015|||||4|||Malaysia||t|31/12/2017
138|1204027-D|NUSA INSPIRASI SDN. BHD.|Takeover|Private Limited|05/10/2016|||||4|"Newfields Group
"||Malaysia||t|31/12/2017
140|739597-X|OCEAN WORKS SDN. BHD.|Own|Private Limited|03/07/2006|||||4|||Malaysia||t|31/07/2017
141|1044121-A|ONE ROOF DESIGN FURNITURE SDN. BHD.|Own|Private Limited|26/04/2013|||||4|||Malaysia||t|30/04/2017
142|896805-T|ONE ROOF DESIGN SDN. BHD.|Own|Private Limited|01/04/2010|||||4|||Malaysia||t|30/04/2017
143|796780-A|ONLY DELIGHTS SDN. BHD.|Own|Private Limited|22/11/2007|||||4|||Malaysia||t|31/12/2017
144|1041250-V|OXFORD EDITION SDN. BHD.|Takeover|Private Limited|04/04/2013|||||4|||Malaysia||t|31/03/2016
145|688377-K|PACIFIC MAINTENANCE SDN. BHD.|Own|Private Limited|14/04/2005|||||4|||Malaysia||t|31/08/2007
146|1129477-M|PALLADIUM ENGINEERING SDN. BHD.|Own|Private Limited|28/01/2015|||||4|||Malaysia||t|31/12/2016
147|940724-X|PANORAMA MUTIARA SDN. BHD.|Takeover|Private Limited|15/04/2011|||||4|||Malaysia||t|30/06/2017
148|887478-V|PEARL TIME MARKETING SDN. BHD.|Own|Private Limited|22/01/2010|||||4|||Malaysia||t|31/12/2017
149|785926-P|PEMBINAAN CANGGIH PERKASA SDN. BHD.|Own|Private Limited|23/08/2007|||||4|||Malaysia||t|31/08/2009
150|547509-P|PEMBINAAN DE BALI SDN. BHD.|Own|Private Limited|14/05/2001|||||4|||Malaysia||t|31/12/2007
151|547509-P|PEMBINAAN DE BALI SDN. BHD.|Own|Private Limited|14/05/2001|||||4|||Malaysia||f|31/12/2007
152|809096-X|PEMBINAAN GEMILANG THUAN SDN. BHD.|Own|Private Limited|07/03/2008|||||4|||Malaysia||t|28/02/2016
153|797546-T|PEOPLE SYSTEMS CONSULTANCY SDN. BHD.|Own|Private Limited|29/11/2007|||||4|||Malaysia||t|31/12/2017
154|1229188-M|POSITIVE UPSTREAM SDN. BHD.|Takeover|Private Limited|02/05/2017|||||4|||Malaysia||t|01/01/2017
155|766001-D|PREMIER GREEN SDN. BHD.|Own|Private Limited|16/03/2007|||||4|||Malaysia||t|31/12/2017
62|886124-A|E-POWER ENGINEERING SDN. BHD.|Own|Private Limited|13/01/2010|||||4|||Malaysia||f|31/03/2013
156|1132230-V|PRISTINE PRIMAVERA SDN. BHD.|Takeover|Private Limited|18/02/2015|||||4|||Malaysia||f|31/12/2017
158|786042-P|PRATISTA SDN.BHD|Takeover|Private Limited|24/08/2007|||||4|||Malaysia||f|31/12/2017
159|786042-P|PSB RESOURCES SDN. BHD.|Takeover|Private Limited|24/08/2007|||||4|||Malaysia||t|31/12/2017
160|1069548-V|QUAM VALVOLE SDN. BHD.|Own|Private Limited|08/11/2013|||||4|||Malaysia||t|01/01/2017
161|1161861-A|RDS CATERING SDN. BHD.|Own|Private Limited|09/10/2015|||||4|||Malaysia||t|31/12/2017
162|660758-V|REGAL OUTLET SDN BHD|Takeover|Private Limited|26/07/2004|||||4|||Malaysia||t|31/12/2017
163|744761-A|RETAIL ONE SDN. BHD.|Own|Private Limited|18/08/2006|||||4|||Malaysia||t|31/12/2017
164|804137-H|SAINTOP DEVELOPMENT SDN. BHD.|Own|Private Limited|24/01/2008|||||4|||Malaysia||t|31/01/2017
166|899394-H|SCALA BIO INTL SDN. BHD.|Own|Private Limited|22/04/2010|||||4|||Malaysia||t|30/04/2013
167|1086052-T|SEA MOBILE SDN. BHD.|Own|Private Limited|24/03/2014|||||4|||Malaysia||t|31/12/2017
168|896814-D|SES IT SOLUTIONS SDN. BHD.|Own|Private Limited|01/04/2010|||||4|||Malaysia||t|30/06/2017
169|807165-M|SOLDERFIELD SYSTEM SDN. BHD.|Own|Private Limited|21/02/2008|||||4|||Malaysia||t|31/12/2017
170|1146188-U|SUMIKAWA SYSTEMS SDN. BHD.|Own|Private Limited|28/05/2015|||||4|||Malaysia||t|01/01/2017
171|830858-V|SP ADVANCE SDN. BHD.|Own|Private Limited|27/08/2008|||||4|||Malaysia||t|31/12/2017
172|483346-T|SALURAN MAYANG SDN. BHD.|Own|Private Limited|12/05/1999|||||4|||Malaysia||t|30/06/2017
174|611783-K|SUNRISE MEDIA SDN. BHD.|Own|Private Limited|10/04/2003|||||4|||Malaysia||t|30/09/2017
173|611783-K|SUNRISE MEDIA SDN. BHD.|Own|Private Limited|10/04/2003|||||4|||Malaysia||f|30/09/2017
175|611783-K|SUNRISE MEDIA SDN. BHD.|Own|Private Limited|10/04/2003|||||4|||Malaysia||f|30/09/2017
177|1081688-H|SW HVAC SDN. BHD.|Own|Private Limited|21/02/2014|||||4|||Malaysia||t|01/01/2017
178|1064152-W|SWEET MATRIX SDN. BHD.|Takeover|Private Limited|30/09/2013|||||4|||Malaysia||t|31/12/2017
179|1123321-D|SWISHHAIR RESOURCES & MANAGEMENT SDN. BHD.|Own|Private Limited|17/12/2014|||||4|||Malaysia||t|01/01/2017
180|1052444-D|TAIHONG MINING SDN. BHD.|Own|Private Limited|02/07/2013|||||4|||Malaysia||t|30/06/2017
181|1193446-U|TECHNISIST SDN. BHD|Own|Private Limited|30/06/2016|||||4|||Malaysia||t|01/01/2017
182|667155-W|TECHNILON SDN. BHD.|Own|Private Limited|24/09/2004|||||4|||Malaysia||t|30/11/2007
184|834924-K|TNCENTURY SDN. BHD.|Own|Private Limited|09/10/2008|||||4|||Malaysia||t|31/12/2016
185|680593-P|TECFORTE SDN. BHD.|Own|Private Limited|04/02/2005|||||4|||Malaysia||t|31/12/2017
186|648696-H|TEMASEK MAHIR SDN. BHD.|Own|Private Limited|12/04/2004|||||4|||Malaysia||t|30/04/2017
187|611120-X|TELEEYE MALAYSIA SDN. BHD.|Own|Private Limited|03/04/2003|||||4|||Malaysia||t|31/03/2017
188|762464-V|TNSECURE SDN. BHD.|Own|Private Limited|12/02/2007|||||4|||Malaysia||t|31/12/2017
189|1075519-T|TNSYS SDN. BHD.|Own|Private Limited|27/12/2013|||||4|||Malaysia||t|31/12/2017
190|868345-K|TRISHMAN HOLDINGS SDN. BHD.|Own|Private Limited|13/08/2009|||||4|||Malaysia||t|31/08/2015
191|799278-T|TRUSOS SDN. BHD.|Own|Private Limited|12/12/2007|||||4|||Malaysia||t|31/12/2018
192|1075493-U|UNIVERSAL UNIQUE MANAGEMENT SERVICES SDN. BHD.|Own|Private Limited|26/12/2013|||||4|||Malaysia||t|31/03/2017
193|786718-A|TUNAS MODAL SDN. BHD.|Own|Private Limited|31/08/2007|||||4|||Malaysia||t|30/06/2017
194|1097867-D|UPRISING ENTERTAINMENT SDN. BHD.|Takeover|Private Limited|16/06/2014|||||4|||Malaysia||t|30/06/2017
195|1114635-D|VERTOPLAN SOLUTIONS SDN. BHD.|Own|Private Limited|23/10/2014|||||4|||Malaysia||t|30/09/2016
196|LLP0002900|VINPAC PLT|Own|Limited Liability Partnership|26/09/2014|||||4|||Malaysia||t|01/01/2017
197|485328-U|TRANS NIAGA SDN. BHD.|Own|Private Limited|08/06/1999|||||4|||Malaysia||t|31/12/2016
198|856426-D|WORTHY MEDIA SDN. BHD.|Own|Private Limited|11/05/2009|||||4|||Malaysia||t|30/06/2017
199|1029320-T|WST CONSTRUCTION SDN. BHD.|Own|Private Limited|26/12/2012|||||4|||Malaysia||t|31/12/2017
200|928500-U|WIRE FAME ENTERTAINMENT SDN. BHD.|Own|Private Limited|04/01/2011|||||4|||Malaysia||t|31/12/2012
201|656438-P|WELLNESS CIRCLE SDN. BHD.|Own|Private Limited|17/06/2004|||||4|||Malaysia||t|31/07/2012
203|375230-T|VM DESIGNS & PROMOTIONS SDN. BHD.|Own|Private Limited|24/01/1996|||||4|||Malaysia||t|31/12/2017
204|454367-K|A-TEX WORLDWIDE SDN. BHD.|Own|Private Limited|02/12/1997|||||2|||Malaysia||t|31/12/2017
205|1120722-W|ADF FALCON TRADE LINK SDN. BHD.|Own|Private Limited|02/12/2014|||||2|||Malaysia||t|01/01/2017
206|548138-D|ADVANCE PROMINENT SDN. BHD.|Takeover|Private Limited|21/05/2001|||||2|||Malaysia||t|28/02/2017
207|1210101-K|ADVANCED SEATING SOLUTIONS SDN. BHD.|Own|Private Limited|24/11/2016|||||2|||Malaysia||t|01/01/2017
208|1144468-W|ADVENTURE CULTURAL TOURS SDN. BHD.|Own|Private Limited|15/05/2015|||||2|||Malaysia||t|01/01/2017
209|1132333-H|ALAM KYMATICA SYNERGY SDN. BHD.|Own|Private Limited|18/02/2015|||||2|||Malaysia||t|31/05/2017
210|648689-D|ALGORHYTHM (M) SDN. BHD.|Own|Private Limited|12/04/2004|||||2|||Malaysia||t|30/06/2014
211|1199094-T|AO PRODUCTION SDN. BHD.|Own|Private Limited|22/08/2016|||||2|||Malaysia||t|01/01/2017
212|797108-H|ALIANCE CORPORATION SDN. BHD.|Takeover|Private Limited|26/11/2007|||||2|||Malaysia||t|31/12/2016
213|980614-U|AN ACADEMY SDN. BHD.|Takeover|Private Limited|02/03/2012|||||2|||Malaysia||t|31/03/2017
214|874121-A|AMAR CARGO & LOGISTIC SDN. BHD.|Takeover|Private Limited|06/10/2009|||||2|||Malaysia||t|31/12/2017
215|1207917-P|AMAR VENTURES SDN. BHD.|Own|Private Limited|04/11/2016|||||2|||Malaysia||t|01/01/2017
216|1241725-D|ARGENTRA SOLUTIONS SDN. BHD.|Own|Private Limited|04/08/2017|||||2|||Malaysia||t|01/01/2017
217|1101094-P|AQUA VITALIS SDN. BHD.|Takeover|Private Limited|10/07/2014|||||2|||Malaysia||t|30/06/2017
218|1163637-U|AMS PRIMA RESOURCES SDN. BHD.|Own|Private Limited|26/10/2015|||||2|||Malaysia||t|01/01/2017
219|661080-X |AMAR TRAVEL & TOURS SDN. BHD.|Takeover|Private Limited|28/07/2004|||||2|||Malaysia||t|31/12/2017
220|1068920-V|ARTAMOTION SDN. BHD.|Own|Private Limited|04/11/2013|||||2|||Malaysia||t|31/10/2015
221|974526-A|AS WORLD VACATION SDN. BHD.|Takeover|Private Limited|10/01/2012|||||2|||Malaysia||t|31/12/2017
222|1134854-A|AS1A COMMERCE CHROME SDN. BHD.|Own|Private Limited|11/03/2015|||||2|||Malaysia||t|30/09/2017
223|1133535-W|AS1A STAR ONE CAPITAL SDN. BHD.|Own|Private Limited|03/03/2015|||||2|||Malaysia||t|28/02/2017
225|1069003-D|AVANTI SETTE SDN. BHD.|Own|Private Limited|04/11/2013|||||2|||Malaysia||t|31/12/2015
226|909485-H|AXENTEL TECHNOLOGIES SDN. BHD.|Own|Private Limited|27/07/2010|||||2|||Malaysia||t|30/06/2017
227|1100541-V|BEICIP TECHNOLOGY SOLUTIONS ASIA SDN. BHD.|Own|Private Limited|07/07/2014|||||2|||Malaysia||t|31/12/2017
228|1049589-D |BEICIP TECHNOLOGY SOLUTIONS SDN. BHD.|Takeover|Private Limited|12/06/2013|||||2|||Malaysia||t|31/12/2017
229|851641-X|BELIMBING RESOURCES SDN. BHD.|Own|Private Limited|30/03/2009|||||2|||Malaysia||t|31/03/2014
230|834436-W|BAYANGAN DEVELOPMENT SDN. BHD.|Own|Private Limited|30/09/2008|||||2|||Malaysia||t|31/12/2017
231|566449-H|AWANA POPULAR SDN. BHD.|Own|Private Limited|10/12/2001|||||2|||Malaysia||t|31/12/2017
232|958804-X|BIG DISCOVERY SDN. BHD.|Own|Private Limited|26/08/2011|||||2|||Malaysia||t|31/12/2016
233|1078149-U|BIG GORILLA GAMES SDN.BHD.|Own|Private Limited|21/01/2014|||||2|||Malaysia||t|31/03/2016
234|1098592-W|BLACK GOLD OILFIELD SERVICES SDN. BHD.|Own|Private Limited|20/06/2014|||||2|||Malaysia||t|30/06/2017
235|555383-P|BLUE ORANGE RESOURCES SDN. BHD.|Own|Private Limited|06/08/2001|||||2|||Malaysia||t|31/12/2017
236|794995-A|BOXLIGHT ASIA SDN. BHD.|Own|Private Limited|07/11/2007|||||2|||Malaysia||t|31/12/2016
237|319814-V|BOLD MANDATE SDN. BHD.|Own|Private Limited|13/10/1994|||||2|||Malaysia||t|31/12/2017
238|347561-W|BUILTECH INTERIOR EXTERIOR SDN. BHD.|Own|Private Limited|21/06/1995|||||2|||Malaysia||t|30/06/2017
239|447030-X|AXIS CONTRACTS SDN. BHD.|Own|Private Limited|17/09/1997|||||2|||Malaysia||t|31/12/2017
240|447030-X|AXIS CONTRACTS SDN. BHD.|Own|Private Limited|17/09/1997|||||2|||Malaysia||f|31/12/2017
241|447030-X|AXIS CONTRACTS SDN. BHD.|Own|Private Limited|17/09/1997|||||2|||Malaysia||f|31/12/2017
77|1235814-A|FVI SERVICES (M) SDN. BHD.|Own|Private Limited|19/06/2017|||||4|||Malaysia||t|31/05/2018
242|1049069-U|J&S PARADISE SDN. BHD.|Takeover|Private Limited|07/06/2013|||||2|||Malaysia||f|30/09/2015
243|1049069-U|BWONDER HOLDING SDN. BHD.|Takeover|Private Limited|07/06/2013|||||2|||Malaysia||t|30/09/2015
252|638651-A|CAVENZI DESIGN SDN. BHD.|Own|Private Limited|05/01/2004|||||2|||Malaysia||t|31/05/2017
244|917315-X|CALMOAQUA SDN. BHD.|Takeover|Private Limited|07/10/2010|||||2|||Malaysia||t|31/12/2017
245|1194739-K|CANGKAT MENANG SDN. BHD.|Own|Private Limited|18/07/2016|||||2|||Malaysia||t|01/01/2017
246|884365-W|CASA PRESTIGE SDN. BHD.|Own|Private Limited|31/12/2009|||||2|||Malaysia||t|31/12/2017
247|554044-T|CAS TRANSPORT SDN. BHD.|Takeover|Private Limited|20/07/2001|||||2|||Malaysia||t|31/12/2016
248|302704-K|BAYANGAN SEPADU SDN. BHD.|Own|Private Limited|03/06/1994|||||2|||Malaysia||t|31/12/2017
249|1233105-U|CENOZAI SDN. BHD.|Own|Private Limited|30/05/2017|||||2|||Malaysia||t|01/01/2017
250|257491-U|AMBERON SDN. BHD.|Own|Private Limited|02/02/1993|||||2|||Malaysia||t|30/09/2017
251|768528-M|CASSEROSE AGROFARM SDN. BHD.|Own|Private Limited|06/04/2007|||||2|||Malaysia||t|31/12/2017
254|781865-X|CHARLTON MARTIN CONSULTANTS SDN. BHD.|Takeover|Private Limited|20/07/2007|||||2|||Malaysia||t|31/03/2017
253|816292-W|CAVENZI FURNITURE OUTLET SDN. BHD.|Own|Private Limited|06/05/2008|||||2|||Malaysia||t|31/05/2017
255|737283-X|CHEN FAMILY HOLDING SDN. BHD.|Own|Private Limited|12/06/2006|||||2|||Malaysia||t|30/06/2017
257|1220816-H|CIRKOL SDN. BHD.|Own|Private Limited|06/03/2017|||||2|||Malaysia||t|01/01/2017
261|974149-V|CLICKWORKZ SOLUTIONS SDN. BHD.|Own|Private Limited|06/01/2012|||||2|||Malaysia||t|31/12/2017
262|488686-P|CHEONG LOONG SEA PRODUCT SDN. BHD.|Takeover|Private Limited|15/07/1999|||||2|||Malaysia||t|31/10/2017
263|636533-H|COMMBAX SDN. BHD.|Own|Private Limited|10/12/2003|||||2|||Malaysia||t|31/12/2016
264|777097-M|COMZ CORPORATION GROUP SDN. BHD.|Own|Private Limited|14/06/2007|||||2|||Malaysia||t|30/06/2017
256|1164230-P|CL BIZ INTEGRATION SDN. BHD.|Own|Private Limited|30/10/2015|||||2|S551(1) @ 2017-12-18||Malaysia||t|31/12/2017
224|1134852-V|AS1A TECHNOLOGY SDN. BHD.|Own|Private Limited|11/03/2015|||||2|||Malaysia||t|30/04/2018
202|1227764-M|WMF CRANE SDN. BHD.|Own|Private Limited|19/04/2017|||||4|||Malaysia||t|31/12/2017
269|1163958-K|ECRIL RESOURCES SDN. BHD.|Own|Private Limited|28/10/2015|||||2|||Malaysia||t|30/11/2017
270|1194611-X|ECOTRANCH SDN. BHD.|Own|Private Limited|15/07/2016|||||2|||Malaysia||t|01/01/2017
273|1024487-T|ECOS ATMOSPHERE SDN. BHD.|Own|Private Limited|14/11/2012|||||2|||Malaysia||t|31/10/2017
258|1214278-V|CHILINDO SDN. BHD.|Own|Private Limited|03/01/2017|||||2|||Malaysia||t|31/12/2017
259|1061326-M|DABZEE SDN. BHD.|Own|Private Limited|09/09/2013|||||2|||Malaysia||t|31/12/2015
260|787609-A|CINE GEAR (M) SDN. BHD.|Own|Private Limited|06/09/2007|||||2|||Malaysia||t|31/12/2017
266|470404-T|CORPORATE EYE SDN. BHD.|Takeover|Private Limited|16/10/1998|||||2|||Malaysia||t|31/12/2017
268|868042-V|DOWNHOLE PRODUCTS ASIA SDN. BHD.|Takeover|Private Limited|12/08/2009|||||2|||Malaysia||t|31/12/2017
271|1156518-H|DROPIT VENTURES SDN. BHD.|Own|Private Limited|24/08/2015|||||2|||Malaysia||t|31/12/2017
274|700263-H|DE ENVISION SIGN SDN. BHD.|Own|Private Limited|14/06/2005|||||2|||Malaysia||t|30/06/2017
275|660466-U|EAST NET DATA SYSTEM SDN. BHD.|Takeover|Private Limited|23/07/2004|||||2|||Malaysia||t|31/10/2017
276|950577-V|ELEGANCE FOOTWEARS SDN. BHD.|Takeover|Private Limited|28/06/2011|||||2|||Malaysia||t|30/06/2017
277|1092870-H|FAIRLAND TRADING SDN. BHD.|Own|Private Limited|12/05/2014|||||2|||Malaysia||t|01/01/2017
278|1096018-K|ES PROJECTS SDN. BHD.|Own|Private Limited|02/06/2014|||||2|||Malaysia||t|31/12/2015
279|1068175-A|ESSENTIAL PLASTIC SDN. BHD.|Takeover|Private Limited|29/10/2013|||||2|||Malaysia||t|31/12/2017
280|1138718-W|ETON CONSULTING SDN. BHD.|Takeover|Private Limited|03/04/2015|||||2|||Malaysia||t|31/03/2017
319|911579-K|HUIJI (MALAYSIA) SDN. BHD.|Takeover|Private Limited|12/08/2010|||||2|||Malaysia||t|31/03/2017
320|1038032-M|HOGO WORLDWIDE TRADING SDN. BHD.|Takeover|Private Limited|12/03/2013|||||2|||Malaysia||t|31/12/2015
281|629407-X|EOSG INTERNATIONAL SDN. BHD.|Own|Private Limited|26/09/2003|||||2|||Malaysia||t|31/12/2016
282|1121280-A|FISHBONES MST SDN. BHD.|Own|Private Limited|04/12/2014|||||2|||Malaysia||t|31/12/2017
283|1109248-X|FIRST TAMARA SDN. BHD.|Own|Private Limited|17/09/2014|||||2|||Malaysia||t|01/01/2017
284|1236247-V|FAMILY WEALTH VISIONS SDN. BHD.|Own|Private Limited|21/06/2017|||||2|||Malaysia||t|01/01/2017
286|1097584-T|FLEXSERVICE SDN. BHD|Own|Private Limited|13/06/2014|||||2|||Malaysia||t|31/07/2017
287|296116-D|DELMARCO SDN. BHD.|Takeover|Private Limited|16/04/1994|||||2|||Malaysia||t|31/12/2017
289|815384-W|FOREM TRADING SDN. BHD.|Takeover|Private Limited|25/04/2008|||||2|||Malaysia||t|31/05/2012
291|1129431-P|FRIDFULL SDN. BHD.|Own|Private Limited|28/01/2015|||||2|||Malaysia||t|31/12/2017
292|1215436-M|FUSION INFOTECH SDN. BHD.|Own|Private Limited|11/01/2017|||||2|||Malaysia||t|01/01/2017
293|1158143-X|FUZIEON CONSTRUCTION HOLDINGS SDN. BHD.|Own|Private Limited|07/09/2015|||||2|||Malaysia||t|30/11/2017
294|1022919-W|GLOBAL I ESSENTIALS RECOVERY SDN. BHD.|Own|Private Limited|01/11/2012|||||2|||Malaysia||t|31/12/2017
296|1241168-K|GLOBAL ESSENTIAL TRADE BUSINESS SDN. BHD.|Own|Private Limited|01/08/2017|||||2|||Malaysia||t|01/01/2017
297|1152241-P|GLARE GLOBAL ENERGY SDN. BHD.|Own|Private Limited|14/07/2015|||||2|||Malaysia||t|31/07/2017
298|1135220-T|GEGAS MENTARI HOLDINGS SDN. BHD.|Own|Private Limited|13/03/2015|||||2|||Malaysia||t|01/01/2017
299|1179856-D|GEEKYLYTICS SDN. BHD.|Own|Private Limited|17/03/2016|||||2|||Malaysia||t|01/01/2017
300|833000-K|GARD INC. SDN. BHD.|Own|Private Limited|16/09/2008|||||2|||Malaysia||t|31/12/2017
301|1189380-K|GDBC INFORMATION MALAYSIA SDN. BHD.|Own|Private Limited|30/05/2016|||||2|||Malaysia||t|01/01/2017
302|1116337-A|GLOBAL INTERNATIONAL MIGRATION (MM2H) SDN. BHD.|Own|Private Limited|04/11/2014|||||2|||Malaysia||t|31/10/2016
303|1133168-A|GO TOP IT SDN. BHD.|Own|Private Limited|02/03/2015|||||2|||Malaysia||t|31/03/2017
304|951461-M|GOLDEN MARKETING SOLUTIONS SDN. BHD.|Takeover|Private Limited|05/07/2011|||||2|||Malaysia||t|31/12/2017
306|1190263-M|GREEN ASIA ENGINEERING & CONSTRUCTION SDN. BHD.|Own|Private Limited|03/06/2016|||||2|||Malaysia||t|01/01/2017
307|774012-X|HARBOURINE SDN. BHD.|Own|Private Limited|18/05/2007|||||2|||Malaysia||t|30/06/2017
308|1034700-X|HARTA BITARA DEVELOPMENT SDN. BHD.|Own|Private Limited|13/02/2013|||||2|||Malaysia||t|31/12/2017
309|1195482-T|HEKTAR SELESA SDN. BHD.|Own|Private Limited|22/07/2016|||||2|||Malaysia||t|01/01/2017
310|469827-D|HARITS INTERIORS SDN. BHD.|Own|Private Limited|05/10/1998|||||2|||Malaysia||t|31/12/2017
311|445198-U|G.S. PRODUCTIONS SDN. BHD.|Takeover|Private Limited|28/08/1997|||||2|||Malaysia||t|31/12/2017
312|514215-V|GALLERIA HARITS SDN. BHD.|Own|Private Limited|13/05/2000|||||2|||Malaysia||t|31/07/2017
313|798972-T|I GROW MARKETING SDN. BHD.|Own|Private Limited|10/12/2007|||||2|||Malaysia||t|31/12/2017
316|1133968-X|IMPOSSIBLE MARKETING ACADEMY SDN. BHD.|Own|Private Limited|05/03/2015|||||2|||Malaysia||t|31/10/2016
317|1152386-H|HOUSE CALL MEDIC SDN. BHD.|Own|Private Limited|15/07/2015|||||2|||Malaysia||t|31/07/2017
318|LLP0009075|HPHT DRILLING SPECIALISTS PLT|Own|Limited Liability Partnership|09/09/2016|||||2|||Malaysia||t|01/01/2017
321|1185762-T|HIMMER INDUSTRIAL SERVICES (M) SDN. BHD.|Own|Private Limited|29/04/2016|||||2|||Malaysia||t|01/01/2017
322|885739-X|HERBA ANGGUN SDN. BHD.|Own|Private Limited|11/01/2010|||||2|||Malaysia||t|31/12/2017
323|1203843-W|HERITAGE MALAYA CRAFT SDN. BHD.|Own|Private Limited|04/10/2016|||||2|||Malaysia||t|01/01/2017
324|667752-T|HIGHLAND ENERGY PRODUCTS SDN. BHD.|Takeover|Private Limited|29/09/2004|||||2|||Malaysia||t|01/01/2017
326|726390-A|INFOMACY TECHNOLOGY SDN. BHD.|Own|Private Limited|10/03/2006|||||2|||Malaysia||t|31/03/2017
327|325604-M|GAMA TAKTIK SDN. BHD.|Own|Private Limited|02/12/1994|||||2|||Malaysia||t|31/12/2016
328|358514-K|GGS SYSTEMS (M) SDN. BHD.|Own|Private Limited|07/09/1995|||||2|||Malaysia||t|31/12/2017
315|737734-H|IDIFYNETZ SDN. BHD.|Own|Private Limited|15/06/2006|||||2|||Malaysia||t|30/06/2018
272|1177504-W|EMERY STRATEGIES SDN. BHD.|Takeover|Private Limited|29/02/2016|||||2|||Malaysia||t|31/12/2017
285|955279-P|FJC HOLDINGS SDN. BHD.|Own|Private Limited|01/08/2011|||||2|||Malaysia||t|31/07/2018
290|1220169-X|FREO GROUP MALAYSIA SDN. BHD.|Own|Private Limited|01/03/2017|||||2|||Malaysia||t|28/02/2018
295|974669-A|GLOBAL I EXCEED MANAGEMENT SDN. BHD.|Own|Private Limited|11/01/2012|||||2|||Malaysia||t|31/03/2018
314|1229962-V|IABSE MALAYSIA BERHAD|Own|Public Limited|08/05/2017|||||2|||Malaysia||t|30/06/2018
330|867822-H|IPLUS TECHNOLOGIES SDN. BHD.|Own|Private Limited|10/08/2009|||||2|||Malaysia||t|31/08/2017
331|1218088-A|JAG IDEAS (MALAYSIA) SDN. BHD.|Own|Private Limited|08/02/2017|||||2|||Malaysia||t|01/01/2017
325|1194444-H|INFINITY HOME FIX SDN. BHD.|Own|Private Limited|13/07/2016|||||2|||Malaysia||t|30/09/2017
267|822496-K|DEKORASI NUSANTARA SDN. BHD.|Own|Private Limited|20/06/2008|||||2|||Malaysia||t|30/06/2018
332|957795-T|JY CAPITAL (M) SDN. BHD.|Own|Private Limited|19/08/2011|||||2|||Malaysia||t|30/09/2016
335|946965-V|JY HOLDINGS SDN. BHD.|Own|Private Limited|01/06/2011|||||2|||Malaysia||t|30/09/2016
367|656276-P|MSP SERVICES SDN. BHD.|Own|Private Limited|16/06/2004|||||2|||Malaysia||t|30/06/2018
334|946743-A|JY COMMERCE SDN. BHD.|Own|Private Limited|30/05/2011|||||2|||Malaysia||t|30/09/2016
336|1169191-X|KAWATEC MALAYSIA SDN. BHD.|Own|Private Limited|15/12/2015|||||2|||Malaysia||t|31/12/2017
337|1070154-P|KEJURUTERAAN GANDA USAHA SDN. BHD.|Takeover|Private Limited|13/11/2013|||||2|||Malaysia||t|01/01/2017
338|1184781-V|LAB WHITE SDN. BHD.|Own|Private Limited|21/04/2016|||||2|||Malaysia||t|01/01/2017
340|666170-K|JS DENKI SDN. BHD.|Own|Private Limited|16/09/2004|||||2|||Malaysia||t|31/12/2017
341|632851-A|JENSATRIA SDN. BHD.|Own|Private Limited|30/10/2003|||||2|||Malaysia||t|31/12/2017
342|992431-P|LEA HIN CO., (PTE) LTD|Takeover|Private Limited|14/12/1960|||||2|||Singapore||t|30/06/2017
343|378877-V|INFINITE ACQUISITIONS SDN. BHD.|Takeover|Private Limited|06/03/1996|||||2|||Malaysia||t|31/12/2016
345|1135773-U|LUXE INTERIOR SDN. BHD.|Own|Private Limited|18/03/2015|||||2|||Malaysia||t|01/01/2017
346|1174876-W|LYPSINC SDN. BHD.|Own|Private Limited|03/02/2016|||||2|||Malaysia||t|31/12/2017
347|1160335-V|MADCAPT OIL SERVICES SDN. BHD.|Own|Private Limited|28/09/2015|||||2|||Malaysia||t|01/01/2017
348|1049361-W|MAHFUZ PRODUCTION SDN. BHD.|Own|Private Limited|10/06/2013|||||2|||Malaysia||t|30/05/2015
349|864655-D|LINS COMMUNICATION SDN. BHD.|Takeover|Private Limited|15/07/2009|||||2|||Malaysia||t|31/12/2017
350|937593-H|LOY ONN SDN. BHD.|Takeover|Private Limited|24/03/2011|||||2|||Malaysia||t|30/06/2017
351|405427-K|LINS ADVERTISING & MARKETING SDN. BHD.|Own|Private Limited|10/10/1996|||||2|||Malaysia||t|31/12/2017
352|1198431-H|MCINTYRE IT SDN. BHD.|Own|Private Limited|16/08/2016|||||2|||Malaysia||t|01/01/2017
354|687437-W|MAYA AKTIF SDN. BHD.|Own|Private Limited|06/04/2005|||||2|||Malaysia||t|31/12/2017
355|1196127-M|MAJESTIC ODYSSEY SDN. BHD.|Own|Private Limited|28/07/2016|||||2|||Malaysia||t|01/01/2017
356|1018378-H|LONGWIN MANAGEMENT SDN. BHD.|Takeover|Private Limited|26/09/2012|||||2|||Malaysia||t|31/12/2016
357|913782-X|MARS2OZ SOLUTIONS SDN. BHD.|Own|Private Limited|02/09/2010|||||2|||Malaysia||t|31/08/2016
358|1159716-K|MAJESTIC ADVISORS SDN. BHD.|Takeover|Private Limited|21/09/2015|||||2|||Malaysia||t|01/01/2017
359|689722-X|MAHLIGAI PERKASA SDN. BHD.|Own|Private Limited|28/04/2005|||||2|||Malaysia||t|31/12/2017
360|879476-V|ME MOBILE SDN. BHD.|Takeover|Private Limited|17/11/2009|||||2|||Malaysia||t|31/07/2018
361|1183508-H|MN BUSINESS REVOLUTION SDN. BHD.|Own|Private Limited|13/04/2016|||||2|||Malaysia||t|01/01/2017
362|1158059-X|MIZZEON TRANSFORMATION SDN. BHD.|Own|Private Limited|07/09/2015|||||2|||Malaysia||t|31/12/2017
384|1025605-M|NUR ADP SDN. BHD.|Own|Private Limited|26/11/2012|||||2|||Malaysia||t|01/01/2017
363|627049-A|MEDISINA CARE SDN.BHD.|Own|Private Limited|03/09/2003|||||2|||Malaysia||t|31/12/2015
365|812705-P|MIDDLE EAST WOOD SDN. BHD.|Own|Private Limited|07/04/2008|||||2|||Malaysia||t|30/04/2017
366|836291-A|MIDDLE EAST WOOD TRADING SDN. BHD.|Own|Private Limited|22/10/2008|||||2|||Malaysia||t|31/10/2017
398|685322-V|PRISTINE GATEWAY SDN. BHD.|Own|Private Limited|22/03/2005|||||2|||Malaysia||t|31/03/2018
368|520006-H|MRT PICTURES SDN. BHD.|Own|Private Limited|12/07/2000|||||2|||Malaysia||t|31/12/2017
369|288056-X|MEGA UNITED PICTURES SDN. BHD.|Own|Private Limited|24/01/1994|||||2|||Malaysia||t|31/12/2016
370|132973-W|LONGWIN HOLDINGS SDN. BHD.|Takeover|Private Limited|23/09/2014|||||2|||Malaysia||t|31/12/2011
371|62190-P|LONGWIN DEVELOPMENT SDN. BHD.|Takeover|Private Limited|09/09/1980|||||2|||Malaysia||t|31/12/2010
372|1186305-V|NANT ASIA SDN. BHD.|Own|Private Limited|05/05/2016|||||2|||Malaysia||t|01/01/2017
373|1153104-T|NATUCON MALAYSIA SDN. BHD.|Own|Private Limited|27/07/2015|||||2|||Malaysia||t|30/06/2017
375|1159953-H|MULTICORE RESOURCES SDN. BHD.|Own|Private Limited|23/09/2015|||||2|||Malaysia||t|31/08/2017
376|679308-U|MSP SYSTEMS (M) SDN. BHD.|Takeover|Private Limited|25/01/2005|||||2|||Malaysia||t|30/06/2017
377|1236210-H|NUMBASE MALAYSIA SDN. BHD.|Own|Private Limited|21/06/2017|||||2|||Malaysia||t|01/01/2017
378|949596-H|MTM TECHNOLOGY SDN. BHD.|Own|Private Limited|21/06/2011|||||2|||Malaysia||t|30/06/2017
379|876913-X|MVS MARKETING SDN. BHD.|Own|Private Limited|29/10/2009|||||2|||Malaysia||t|31/12/2017
380|843118-X|MY GLOBAL ENGINEERING SDN. BHD.|Own|Private Limited|05/01/2009|||||2|||Malaysia||t|31/12/2016
381|843721-W|NEXUS HARDWARE SDN. BHD.|Own|Private Limited|09/01/2009|||||2|||Malaysia||t|31/12/2017
382|747899-A|NUMES SDN. BHD.|Own|Private Limited|20/09/2006|||||2|||Malaysia||t|31/12/2017
383|761523-K|NUMSA AVIATION SDN. BHD.|Own|Private Limited|02/02/2007|||||2|||Malaysia||t|31/05/2016
385|1244413-U|PACIFIC BUILDING TECHNOLOGIES SDN. BHD.|Own|Private Limited|23/08/2017|||||2|||Malaysia||t|01/01/2017
386|1143703-P|OLIVESTOUCH TECHNOLOGIES SDN. BHD.|Own|Private Limited|08/05/2015|||||2|||Malaysia||t|31/12/2017
387|626448-D|ORICSON SDN. BHD.|Own|Private Limited|28/08/2003|||||2|||Malaysia||t|31/12/2016
388|1110428-H|PANTHERA MOTION PICTURES SDN. BHD.|Own|Private Limited|24/09/2014|||||2|||Malaysia||t|31/12/2016
389|1180415-H|PARSA INDUSTRY DEVELOPER SDN. BHD.|Own|Private Limited|21/03/2016|||||2|||Malaysia||t|01/01/2017
390|1142285-U|PIYA DEVELOPMENT (M) SDN. BHD.|Own|Private Limited|27/04/2015|||||2|||Malaysia||t|30/04/2017
391|1174273-M|PLAYTOWN SDN. BHD.|Own|Private Limited|28/01/2016|||||2|||Malaysia||t|31/12/2017
392|926458-A|POWER CLUB ALLIANCE (M) SDN. BHD.|Takeover|Private Limited|22/12/2010|||||2|||Malaysia||t|31/12/2017
394|636093-M|PITABERRY SDN. BHD.|Own|Private Limited|05/12/2013|||||2|||Malaysia||t|31/12/2017
395|559397-A|PERNIAGAAN BERATA ALI SDN. BHD.|Takeover|Private Limited|20/09/2001|||||2|||Malaysia||t|31/12/2017
364|982576-A|MESTIKA WARAS SDN. BHD.|Takeover|Private Limited|15/03/2012|||||2|||Malaysia||t|31/03/2018
344|868195-X|LEE KOOI SENG POWER CLEAN SDN. BHD.|Own|Private Limited|12/08/2009|||||2|||Malaysia||t|31/08/2018
396|250613-P|PARK MASTER SDN. BHD.|Takeover|Private Limited|14/10/1992|||||2|||Malaysia||t|31/12/2017
397|1111856-X|PRIMO MARKETING SDN. BHD.|Own|Private Limited|03/10/2014|||||2|||Malaysia||t|31/12/2017
339|1197258-P|LAMAN PRIMAJAYA SDN. BHD.|Own|Private Limited|08/08/2016|||||2|||Malaysia||t|31/07/2017
333|1233002-H|APTUDE TECHNOLOGY SERVICES SDN. BHD.|Own|Private Limited|29/05/2017|||||2|||Malaysia||t|31/05/2018
405|1086448-A|QNETWORKS SOLUTION SDN. BHD.|Own|Private Limited|26/03/2014|||||2|||Malaysia||t|31/03/2017
406|1211791-M|QUALITRED SDN. BHD.|Own|Private Limited|08/12/2016|||||2|||Malaysia||t|01/01/2017
410|1050237-U|REZEKI MUDA SDN. BHD.|Own|Private Limited|17/06/2013|||||2|||Malaysia||t|01/01/2017
400|973067-A|PROVEN SYNERGY SDN. BHD.|Takeover|Private Limited|28/12/2011|||||2|||Malaysia||t|31/12/2017
401|608455-M|PROWARA HOLDINGS SDN. BHD.|Own|Private Limited|10/03/2003|||||2|||Malaysia||t|31/12/2017
402|932948-K|PUSAT TUISYEN MERIDIAN SDN. BHD.|Own|Private Limited|18/02/2011|||||2|||Malaysia||t|31/03/2017
403|1046549-M|QAWII MH RESOURCES SDN. BHD.|Own|Private Limited|17/05/2013|||||2|||Malaysia||t|31/12/2017
404|1058535-D|QIC MALAYSIA SDN. BHD.|Own|Private Limited|16/08/2013|||||2|||Malaysia||t|30/06/2017
407|1241733-T|REALPACE SERVICES SDN. BHD.|Own|Private Limited|07/08/2017|||||2|||Malaysia||t|01/01/2017
409|1097318-D|REDDISH APPLE EMPIRE MALAYSIA SDN. BHD.|Own|Private Limited|11/06/2014|||||2|||Malaysia||t|31/12/2016
411|839093-A|RIZE ASSOCIATES SDN. BHD.|Own|Private Limited|19/11/2008|||||2|||Malaysia||t|31/01/2014
412|690256-W|REKA INDUK SDN. BHD.|Own|Private Limited|03/05/2005|||||2|||Malaysia||t|31/12/2017
413|600250-W|QUIKFRESH SUPPLY SDN. BHD.|Own|Private Limited|29/11/2002|||||2|||Malaysia||t|31/12/2017
414|1176884-X|SEVENTY GC SDN. BHD.|Own|Private Limited|24/02/2016|||||2|||Malaysia||t|01/01/2017
415|1207907-X|SCUBBI SDN. BHD.|Own|Private Limited|04/11/2016|||||2|||Malaysia||t|01/01/2017
416|1152137-V|SCUBAPLEX SDN. BHD.|Own|Private Limited|14/07/2015|||||2|||Malaysia||t|01/01/2017
417|1176300-P|SCHEARAR CONSULTING SDN. BHD.|Own|Private Limited|19/02/2016|||||2|||Malaysia||t|01/01/2017
418|1043470-D|SAWAHIL GLOBAL PROJECTS (M) SDN. BHD.|Own|Private Limited|22/04/2013|||||2|||Malaysia||t|31/03/2015
419|608451-V|PRO PICTURES SDN. BHD.|Own|Private Limited|10/03/2003|||||2|||Malaysia||t|31/12/2017
420|1161231-A|SF CONTRACTS SDN. BHD.|Own|Private Limited|06/10/2015|||||2|||Malaysia||t|31/12/2017
422|1158691-T|SHP RESOURCES SDN. BHD.|Own|Private Limited|10/09/2015|||||2|||Malaysia||t|01/01/2017
423|1181949-M|SILVERFOX HOSPITALITY SDN. BHD.|Own|Private Limited|01/04/2016|||||2|||Malaysia||t|01/01/2017
424|1139087-T|SNASCO HOLDING SDN. BHD.|Own|Private Limited|07/04/2015|||||2|||Malaysia||t|01/01/2017
425|665928-D|SING HO HENG MEDICAL SDN. BHD.|Own|Private Limited|14/09/2004|||||2|||Malaysia||t|31/12/2017
426|538042-W|SCAN PLUS CORPORATION SDN. BHD.|Takeover|Private Limited|31/01/2001|||||2|||Malaysia||t|30/06/2017
428|1243764-V|SOLUTIONS RESEARCH INTERTECH SDN. BHD.|Own|Private Limited|18/08/2017|||||2|||Malaysia||t|01/01/2017
429|1098691-K|SONGGO TECH SDN. BHD.|Own|Private Limited|23/06/2014|||||2|||Malaysia||t|01/01/2017
430|878761-W|SONGGORITTY (M) SDN. BHD.|Own|Private Limited|11/11/2009|||||2|||Malaysia||t|31/12/2012
431|1156703-W|SPEC OUTLET RETAIL OPTICAL GROUP SDN. BHD.|Own|Private Limited|25/08/2015|||||2|||Malaysia||t|30/09/2017
432|586730-D|SPEED COMP DISTRIBUTIONS SDN. BHD.|Takeover|Private Limited|18/07/2002|||||2|||Malaysia||t|30/06/2007
434|648724-V|SONICTRON SDN. BHD.|Takeover|Private Limited|12/04/2004|||||2|||Malaysia||t|31/12/2017
435|459942-K|SRI STAR MEDICARE SDN. BHD.|Own|Private Limited|26/03/1998|||||2|||Malaysia||t|30/06/2010
436|569285-H|SEMANGAT NEUTRON SDN. BHD.|Own|Private Limited|21/01/2002|||||2|||Malaysia||t|30/06/2017
437|614979-P|SAKURA KRISTAL SDN. BHD.|Own|Private Limited|12/05/2003|||||2|||Malaysia||t|31/12/2017
438|270459-T|SAMWAI AIR-CONDITIONING SDN. BHD.|Takeover|Private Limited|19/07/1993|||||2|||Malaysia||t|31/12/2017
439|796782-M|STAR CHART SDN. BHD.|Own|Private Limited|22/11/2007|||||2|||Malaysia||t|31/12/2010
440|213895-V|SCAN PLUS SDN. BHD.|Takeover|Private Limited|14/03/1991|||||2|||Malaysia||t|30/06/2017
441|1153616-P|SUPERVET SUPPLY SDN. BHD.|Own|Private Limited|30/07/2015|||||2|||Malaysia||t|01/01/2017
442|170123-W|STECON SDN. BHD.|Own|Private Limited|21/04/1988|||||2|||Malaysia||t|30/06/1990
443|1072126-V|STEM CELLS HEALTHY AGING (M) SDN. BHD.|Own|Private Limited|29/11/2013|||||2|||Malaysia||t|31/10/2016
444|1147216-A|STUDIO MBABA SDN. BHD.|Own|Private Limited|04/06/2015|||||2|||Malaysia||t|31/05/2017
445|533532-M|INTER VIRTUAL SDN. BHD.|Own|Private Limited|01/12/2000|||||6|||Malaysia||t|31/12/2009
446|584977-A|INSTANT CAR RENTAL & TRAVEL SDN. BHD.|Own|Private Limited|02/07/2002|||||6|||Malaysia||t|31/12/2016
447|580588-P|SUNGLASS & VISIONWORLD SDN.BHD.|Takeover|Private Limited|17/05/2002|||||2|||Malaysia||t|31/12/2017
448|378307-X|SWICHTEC POWER SYSTEMS SDN. BHD.|Own|Private Limited|01/03/1996|||||2|||Malaysia||t|31/12/2017
449|700875-M|SYARIKAT EMERALD ELECTRICAL SDN. BHD.|Own|Private Limited|24/06/2005|||||2|||Malaysia||t|30/06/2017
450|493784-U|SYMBOLIC EXCEL SDN.  BHD.|Takeover|Private Limited|13/09/1999|||||2|||Malaysia||t|28/02/2017
451|1106640-H|THIRD EYE ENTERPRISE SDN. BHD.|Own|Private Limited|27/08/2014|||||2|||Malaysia||t|31/12/2017
452|880961-T|THREE AMBER (M) SDN. BHD.|Own|Private Limited|30/11/2009|||||2|||Malaysia||t|31/12/2017
453|257564-H|THIN HEONG MEAT PRODUCT (KL) SDN. BHD.|Own|Private Limited|03/02/1993|||||2|||Malaysia||t|30/06/2017
454|1042211-P|TEROKA SOLARIS SDN. BHD.|Takeover|Private Limited|11/04/2013|||||2|||Malaysia||t|31/12/2015
455|685490-H|TEMA BERSAUDARA SDN. BHD.|Own|Private Limited|23/03/2005|||||2|||Malaysia||t|31/12/2017
456|895710-K|TECHNISYS MARKETING SDN. BHD.|Own|Private Limited|29/03/2010|||||2|||Malaysia||t|30/06/2017
457|629300-K|SANJUNG SEJIWA SDN. BHD.|Own|Private Limited|25/09/2003|||||2|||Malaysia||t|31/12/2017
458|162784-U|TECHMESH SDN. BHD.|Own|Private Limited|17/07/1987|||||2|||Malaysia||t|31/07/2017
459|335171-U|NAKATEN (M) SDN. BHD.|Takeover|Private Limited|28/02/1995|||||2|||Malaysia||t|30/06/2017
460|568361-P|THREE LIONS SPORT SDN. BHD.|Own|Private Limited|10/01/2002|||||2|||Malaysia||t|30/06/2016
427|1054030-K|SOCIAL GROOVES SDN. BHD.|Takeover|Private Limited|12/07/2013|||||2|||Malaysia||t|30/06/2018
421|1224352-X|SHINY PARIS SDN. BHD.|Own|Private Limited|28/03/2017|||||2|||Malaysia||t|31/03/2018
408|978066-W|RANCANG INDERA SDN. BHD.|Takeover|Private Limited|15/02/2012|||||2|||Malaysia||t|31/03/2017
461|741453-V|TRINITY WORKZ SDN. BHD.|Takeover|Private Limited|19/07/2006|||||2|||Malaysia||t|30/06/2013
462|1051395-H|UBER MALAYSIA SDN. BHD.|Takeover|Private Limited|25/06/2013|||||2|||Malaysia||t|31/12/2017
463|1145541-W|UI HARTA EMAS SDN. BHD.|Own|Private Limited|22/05/2015|||||2|||Malaysia||t|31/05/2017
464|1122714-W|TOP PARTNER EXPRESS SDN. BHD.|Own|Private Limited|15/12/2014|||||2|||Malaysia||t|31/10/2016
466|1243204-P|VIVATREE SDN. BHD.|Own|Private Limited|16/08/2017|||||2|||Malaysia||t|01/01/2017
467|1098667-H|URIS MAL SDN. BHD.|Own|Private Limited|23/06/2014|||||2|||Malaysia||t|01/01/2017
468|1215946-U|VM PAYMENTS SDN. BHD.|Own|Private Limited|16/01/2017|||||2|||Malaysia||t|01/01/2017
433|1206558-H|SPICE AFFAIR SDN. BHD.|Own|Private Limited|25/10/2016|||||2|||Malaysia||t|31/10/2017
518|812289-K|BIFORST PROPERTIES SDN. BHD.|Own|Private Limited|03/04/2008|||||6|||Malaysia||t|31/12/2016
469|1038564-M|UNIONLISM RESOURCES SDN. BHD.|Own|Private Limited|15/03/2013|||||2|||Malaysia||t|30/06/2016
470|712620-D|ULTRAJET ENGINEERING SDN. BHD.|Own|Private Limited|13/10/2005|||||2|||Malaysia||t|31/12/2017
471|884475-T|VISUAL WELL SOLUTIONS SDN. BHD.|Takeover|Private Limited|31/12/2009|||||2|||Malaysia||t|31/12/2016
472|1163264-K|WAN AVANCE SDN. BHD.|Own|Private Limited|22/10/2015|||||2|||Malaysia||t|31/12/2017
473|323803-A|TIRAI NAGA SDN. BHD.|Own|Private Limited|17/11/1994|||||2|||Malaysia||t|31/12/2017
474|737251-T|WEIHAI SHANHUA PREMIER CARPETS (M) SDN. BHD.|Own|Private Limited|12/06/2006|||||2|||Malaysia||t|30/06/2017
476|1243442-V|WISE CHAMPION RESOURCES SDN. BHD.|Own|Private Limited|17/08/2017|||||2|||Malaysia||t|01/01/2017
478|783078-T|WMT PROPERTIES & MANAGEMENT SDN. BHD.|Own|Private Limited|02/08/2007|||||2|||Malaysia||t|31/12/2012
479|272582-H|TELECONSULT (M) SDN. BHD.|Own|Private Limited|07/08/1993|||||2|||Malaysia||t|31/12/2017
480|1159389-K|YATRON ENERGY (MALAYSIA) SDN. BHD.|Own|Private Limited|18/09/2015|||||2|||Malaysia||t|31/12/2017
481|1243605-D|WRX SPINE RESOURCES SDN. BHD.|Own|Private Limited|18/08/2017|||||2|||Malaysia||t|01/01/2017
482|340490-P|TEKNIK TEKUN SDN. BHD.|Own|Private Limited|15/04/1995|||||2|||Malaysia||t|31/12/2017
483|708054-M|XCEL WORLD TRADE SDN. BHD.|Own|Private Limited|30/08/2005|||||2|||Malaysia||t|31/12/2017
484|74176-P|NOVASAT COMMUNICATIONS SDN. BHD.|Own|Private Limited|15/08/1981|||||2|||Malaysia||t|31/12/2017
485|1192275-X|YOUNG BLOOD BEAUTY PARLOUR SDN. BHD.|Own|Private Limited|23/06/2016|||||2|||Malaysia||t|01/01/2017
486|781505-P|YEE TAH MING HOLDINGS SDN. BHD.|Own|Private Limited|19/07/2007|||||2|||Malaysia||t|31/03/2017
487|944100-K|YOHC PROGRAMS SDN. BHD.|Own|Private Limited|11/05/2011|||||2|||Malaysia||t|30/09/2016
488|593343-M|YONGHUI MATERIALS & PACKAGING SDN. BHD.|Own|Private Limited|20/09/2002|||||2|||Malaysia||t|31/10/2017
489|154560-D|TEN REN TRADING SDN. BHD.|Takeover|Private Limited|14/07/1986|||||2|||Malaysia||t|31/12/2017
490|593855-D|X'TENT URBAN GROUP SDN.  BHD.|Own|Private Limited|26/09/2002|||||2|||Malaysia||t|31/10/2017
491|168480-M|SWEE HWA HOLDINGS SDN. BHD.|Own|Private Limited|11/02/1988|||||2|||Malaysia||t|31/12/2017
492|1227490-M|21ST CENTURY SOFTWARE SOLUTIONS SDN. BHD.|Own|Private Limited|18/04/2017|||||6|||Malaysia||t|01/01/2017
493|1116312-H|90INK CHEMISTRY EVENT SDN. BHD.|Own|Private Limited|04/11/2014|||||6|||Malaysia||t|31/12/2017
494|519325-H|AKADEMI CADDCAM SDN. BHD.|Own|Private Limited|07/07/2000|||||6|||Malaysia||t|30/06/2013
495|1173369-W|AL AMEEN TOYYIBAN SDN. BHD.|Own|Private Limited|21/01/2016|||||6|||Malaysia||t|01/01/2017
496|348165-D|ALKEN ORIENTAL SDN. BHD.|Own|Private Limited|26/06/1995|||||6|||Malaysia||t|31/12/2017
497|850892-T|ALTERNATE STUDIOS SDN. BHD.|Own|Private Limited|23/03/2009|||||6|||Malaysia||t|30/06/2017
498|436168-H|ADSIGNS IMEJ SDN. BHD.|Own|Private Limited|23/06/1997|||||6|||Malaysia||t|31/12/2017
499|67397-U|YAP KHAY CHEONG BRICKWORKS (SEMENYIH) SDN. BHD.|Takeover|Private Limited|12/02/1981|||||2|||Malaysia||t|31/12/2017
500|924369-P|ANSON CENTURY SDN. BHD.|Own|Private Limited|06/12/2010|||||6|||Malaysia||t|31/12/2017
501|1011771-H|APPXQUARE TECHNOLOGIES SDN. BHD.|Own|Private Limited|27/07/2012|||||6|||Malaysia||t|31/12/2017
502|630890-A|ARCHCO RIGIDON (M) SDN. BHD.|Own|Private Limited|09/10/2003|||||6|||Malaysia||t|31/12/2017
503|1188885-H|ASI PAYROLL SERVICES SDN. BHD.|Own|Private Limited|25/05/2016|||||6|||Malaysia||t|01/01/2017
504|173397-D|ASI (MM2H) SDN. BHD.|Own|Private Limited|26/08/1988|||||6|||Malaysia||t|31/12/2017
505|1042806-A|AYUL INTERNATIONAL SDN. BHD.|Own|Private Limited|17/04/2013|||||6|||Malaysia||t|31/03/2017
506|629986-T|B. I. PACKAGING SUPPLY SDN. BHD.|Own|Private Limited|01/10/2003|||||6|||Malaysia||t|31/12/2017
507|607243-H|ASI MANAGEMENT SERVICES SDN. BHD.|Own|Private Limited|24/02/2003|||||6|||Malaysia||t|30/06/2017
508|1024299-V|AURA RECO ELECTRICAL SDN. BHD.|Own|Private Limited|12/11/2012|||||6|||Malaysia||t|31/10/2016
509|280655-K|ASI AGENCY SDN. BHD.|Own|Private Limited|03/11/1993|||||6|||Malaysia||t|28/02/2017
510|1066350-M|BANANA LABS SDN. BHD.|Own|Private Limited|16/10/2013|||||6|||Malaysia||t|31/12/2017
511|358522-P|BASHEER GRAPHIC BOOKS SDN. BHD.|Own|Private Limited|07/09/1995|||||6|||Malaysia||t|31/08/2015
512|921105-T|BEEJAQ SDN. BHD.|Own|Private Limited|08/11/2010|||||6|||Malaysia||t|31/12/2015
513|362075-W|ASI CONSULTING SDN. BHD.|Own|Private Limited|10/04/1995|||||6|||Malaysia||t|31/03/2017
514|722808-A|BIFORST HOLDINGS SDN. BHD.|Takeover|Private Limited|06/02/2006|||||6|||Malaysia||t|31/12/2017
515|635065-U|BIFORST LOGISTICS SDN. BHD.|Takeover|Private Limited|20/11/2003|||||6|||Malaysia||t|31/12/2016
516|765782-K|BIFORST PLANTATION SDN. BHD.|Takeover|Private Limited|15/03/2007|||||6|||Malaysia||t|31/12/2017
517|733928-X|BIFORST PRINTING SDN. BHD.|Takeover|Private Limited|17/05/2006|||||6|||Malaysia||t|31/12/2016
519|765802-U|BIFORST SECURITY SDN. BHD.|Takeover|Private Limited|15/03/2007|||||6|||Malaysia||t|31/12/2016
520|691384-M|BIFORST TECHNOLOGY SDN. BHD.|Takeover|Private Limited|12/05/2005|||||6|||Malaysia||t|31/12/2016
521|856997-T|BIFORST TELECOMMUNICATIONS SDN. BHD.|Own|Private Limited|14/05/2009|||||6|||Malaysia||t|31/12/2016
522|712304-X|BIFORST AGENCIES SDN. BHD.|Takeover|Private Limited|11/10/2005|||||6|||Malaysia||t|31/12/2016
523|690059-X|BIFORST DISTRIBUTIONS SDN. BHD.|Takeover|Private Limited|30/04/2005|||||6|||Malaysia||t|31/12/2017
524|681420-D|BIFORST HEALTHCARE SDN. BHD.|Takeover|Private Limited|17/02/2005|||||6|||Malaysia||t|31/12/2017
525|670416-V|BIG FLEET SDN. BHD.|Takeover|Private Limited|23/10/2004|||||6|||Malaysia||t|31/12/2016
526|1098253-W|BRAMS & BROTHERS SDN. BHD.|Own|Private Limited|18/06/2014|||||6|||Malaysia||t|31/03/2017
527|804297-H|BUMI ASIA AUTO SDN. BHD.|Takeover|Private Limited|25/01/2008|||||6|||Malaysia||t|31/12/2016
529|390146-H|AXA CABLING SDN. BHD.|Own|Private Limited|11/06/1996|||||6|||Malaysia||t|31/08/2017
528|690134-D|BUMI CAPITAL RESOURCES SDN. BHD.|Takeover|Private Limited|30/04/2005|||||6|||Malaysia||t|31/12/2017
530|405803-U|AUTOLEGAL SERVICES (M) SDN. BHD.|Takeover|Private Limited|12/10/1996|||||6|||Malaysia||t|31/03/2017
531|339260-P|AUTOLEGAL (M) SDN. BHD.|Takeover|Private Limited|07/04/1995|||||6|||Malaysia||t|31/03/2017
532|340175-U|ASI SECRETARIAL SERVICES SDN. BHD.|Own|Private Limited|14/04/1995|||||6|||Malaysia||t|30/09/2017
533|649629-V|CASA DINAMIK LOGISTIC & SERVICES SDN. BHD.|Own|Private Limited|19/04/2004|||||6|||Malaysia||t|31/07/2017
534|659315-W|CHIMERA-TECH SDN. BHD.|Own|Private Limited|13/07/2004|||||6|||Malaysia||t|31/07/2017
535|498054-M|CHEMCENTRO SDN. BHD.|Own|Private Limited|02/11/1999|||||6|||Malaysia||t|31/10/2017
536|526814-W|CINEMA ONLINE SDN. BHD.|Own|Private Limited|21/09/2000|||||6|||Malaysia||t|30/06/2017
537|926858-U|CONVERGING KNOWLEDGE SDN. BHD.|Own|Private Limited|24/12/2010|||||6|||Malaysia||t|31/12/2017
538|1041333-A|CUSTOMER CONNECT MALAYSIA SDN. BHD.|Takeover|Private Limited|05/04/2013|||||6|||Malaysia||t|30/04/2017
539|546236-X|DESIGN REVIEW SDN. BHD.|Own|Private Limited|27/04/2001|||||6|||Malaysia||t|31/08/2017
540|805647-W|DEEN CONSTRUCTION SDN. BHD.|Own|Private Limited|05/02/2008|||||6|||Malaysia||t|31/05/2015
541|915108-H|CXRUS SOLUTIONS SDN. BHD.|Takeover|Private Limited|20/09/2010|||||6|||Malaysia||t|31/12/2017
542|857038-U|DANCORP SDN. BHD.|Own|Private Limited|14/05/2009|||||6|||Malaysia||t|31/12/2017
544|629662-M|D'MAQ MALAYSIA SDN. BHD.|Own|Private Limited|29/09/2003|||||6|||Malaysia||t|31/12/2016
545|391614-V|DAYANG TRICYCLE (M) SDN. BHD.|Own|Private Limited|24/06/1996|||||6|||Malaysia||t|31/08/2016
546|951170-M|DU VIET SDN. BHD.|Own|Private Limited|01/07/2011|||||6|||Malaysia||t|01/01/2017
547|444461-A|CADDCAM SERVICES SDN. BHD.|Own|Private Limited|23/08/1997|||||6|||Malaysia||t|31/08/2017
548|1228926-D|EB SMARTSOLUTIONS SDN. BHD.|Own|Private Limited|28/04/2017|||||6|||Malaysia||t|01/01/2017
549|1220408-P|ECOVERSE SDN. BHD.|Own|Private Limited|02/03/2017|||||6|||Malaysia||t|01/01/2017
550|1159153-V|ELC RAIL SDN. BHD.|Own|Private Limited|15/09/2015|||||6|||Malaysia||t|31/12/2017
551|1170519-W|ES SURIA SDN. BHD.|Own|Private Limited|29/12/2015|||||6|||Malaysia||t|01/01/2017
552|604312-H|DMX PACKET (MALAYSIA) SDN. BHD.|Takeover|Private Limited|22/01/2003|||||6|||Malaysia||t|31/12/2017
553|641317-K|DYNABRO ENGINEERING SDN. BHD.|Takeover|Private Limited|05/02/2004|||||6|||Malaysia||t|31/05/2017
554|797531-H|EANGGAR SOLUTIONS SDN. BHD.|Own|Private Limited|29/11/2007|||||6|||Malaysia||t|31/12/2017
555|1170164-W|EROS ENGINEERING SDN. BHD.|Own|Private Limited|23/12/2015|||||6|||Malaysia||t|01/01/2017
556|658486-W|EAST LINK CONSULTING (M) SDN. BHD.|Takeover|Private Limited|06/07/2004|||||6|||Malaysia||t|31/12/2017
557|590653-M|ENDORSED DISTRIBUTION & ENGINEERING SDN. BHD.|Takeover|Private Limited|26/08/2002|||||6|||Malaysia||t|31/12/2009
558|385869-X|ELDERAAN TECHNOLOGIES SDN. BHD.|Own|Private Limited|04/05/1996|||||6|||Malaysia||t|30/06/2017
559|286261-W|EMPIRE SCOPE SDN. BHD.|Own|Private Limited|08/01/1994|||||6|||Malaysia||t|30/04/2017
560|360926-K|ASI TAXATION SDN. BHD.|Own|Private Limited|25/09/1995|||||6|||Malaysia||t|31/12/2017
561|212073-M|ASI SERVICES SDN. BHD.|Own|Private Limited|02/02/1991|||||6|||Malaysia||t|31/12/2017
562|793937-K|EV STATION SDN. BHD.|Takeover|Private Limited|01/11/2007|||||6|||Malaysia||t|31/12/2017
563|631260-U|EXCELLENT MANAGEMENT SOLUTIONS SDN. BHD.|Own|Private Limited|13/10/2003|||||6|||Malaysia||t|31/12/2012
564|1125127-W|FASTWAY FACILITIES SDN. BHD.|Takeover|Private Limited|31/12/2014|||||6|||Malaysia||t|31/12/2017
565|1081779-D|FLXR HOLDINGS SDN. BHD.|Own|Private Limited|21/02/2014|||||6|||Malaysia||t|31/12/2017
566|1197881-X|FZ ENERGY STORAGE SYSTEMS SDN. BHD.|Own|Private Limited|11/08/2016|||||6|||Malaysia||t|01/01/2017
567|742384-T|FINESSE ELEGANCE SDN. BHD.|Own|Private Limited|27/07/2006|||||6|||Malaysia||t|31/12/2017
568|629342-T|GEO-KOSMO PROGRESIF SDN. BHD.|Takeover|Private Limited|25/09/2003|||||6|||Malaysia||t|31/12/2017
569|958830-A|GLAMREKA SDN.BHD.|Takeover|Private Limited|26/08/2011|||||6|||Malaysia||t|31/12/2017
570|972881-X|GLAMWEDDINGS SDN. BHD.|Own|Private Limited|23/12/2011|||||6|||Malaysia||t|31/12/2017
571|655910-H|GRAND CHEF SDN. BHD.|Own|Private Limited|14/06/2004|||||6|||Malaysia||t|28/02/2008
572|1176674-X|GX EMPIRE SDN. BHD.|Own|Private Limited|23/02/2016|||||6|||Malaysia||t|31/12/2017
573|918597-V|HALLMARK ACCESS SDN. BHD.|Takeover|Private Limited|18/10/2010|||||6|||Malaysia||t|30/09/2016
574|863303-H|HE SHEN MALAYSIA SDN. BHD.|Own|Private Limited|06/07/2009|||||6|||Malaysia||t|31/12/2017
575|395890-V|HEALTHCARE IMAGING SERVICES SDN. BHD.|Own|Private Limited|27/07/1996|||||6|||Malaysia||t|31/12/2017
576|684592-D|IFNA WORLD SDN. BHD.|Own|Private Limited|16/03/2005|||||6|||Malaysia||t|01/01/2017
577|681637-W|IDG INTERNATIONAL DESIGN GROUP SDN. BHD.|Own|Private Limited|18/02/2005|||||6|||Malaysia||t|30/06/2013
578|403450-X|HEALTHCARE MEDICAL CENTRE SDN. BHD.|Own|Private Limited|24/09/1996|||||6|||Malaysia||t|31/12/2017
579|657671-P|HR OPTIMA (M) SDN. BHD.|Takeover|Private Limited|29/06/2004|||||6|||Malaysia||t|31/12/2016
581|703140-U|CELEBRATING THINKERS SDN. BHD.|Own|Private Limited|15/07/2005|||||6|||Malaysia||t|31/07/2017
580|814257-A|HUMANINC SDN. BHD.|Takeover|Private Limited|18/04/2008|||||6|||Malaysia||t|30/06/2017
582|629636-K|JB CAPS APPARELS SDN. BHD.|Own|Private Limited|29/09/2003|||||6|||Malaysia||t|31/12/2016
583|484948-T|JINTAN MANIS CAFE SDN. BHD.|Own|Private Limited|02/06/1999|||||6|||Malaysia||t|30/06/2017
584|1143642-T|KARAK MARINE SUPPLIES SDN. BHD.|Own|Private Limited|08/05/2015|||||6|||Malaysia||t|31/07/2017
585|790398-H|KASK CONSULTING SDN. BHD.|Own|Private Limited|01/10/2007|||||6|||Malaysia||t|31/12/2016
586|764380-A|KASK HOLDINGS SDN. BHD.|Own|Private Limited|05/03/2007|||||6|||Malaysia||t|31/12/2016
587|828061-D|KASK PEOPLE-SKILLS SDN. BHD.|Own|Private Limited|06/08/2008|||||6|||Malaysia||t|31/12/2016
588|857080-M|KASK-SERVICES SDN. BHD.|Own|Private Limited|15/05/2009|||||6|||Malaysia||t|31/12/2016
589|1219544-U|KBI ENGINEERING & SERVICES SDN. BHD.|Takeover|Private Limited|23/02/2017|||||6|||Malaysia||t|01/01/2017
591|460372-M|KHAIRI CONSULT SDN. BHD.|Own|Private Limited|03/04/1998|||||6|||Malaysia||t|30/12/2017
590|419042-D|KC ARCHITECTS ENGINEERS SDN. BHD.|Own|Private Limited|30/01/1997|||||6|||Malaysia||t|30/06/2012
593|1225539-D|L&E SAFETY CONSULTING SDN. BHD.|Own|Private Limited|05/04/2017|||||6|||Malaysia||t|01/01/2017
594|1219043-U|LARA NOUR HOLDINGS SDN. BHD.|Own|Private Limited|20/02/2017|||||6|||Malaysia||t|01/01/2017
595|816762-W|LEAP ENERGY PARTNERS SDN. BHD.|Own|Private Limited|08/05/2008|||||6|||Malaysia||t|31/03/2017
592|870428-H|KONFIDENCE BABIES AND KIDS SDN. BHD.|Takeover|Private Limited|01/09/2009|||||6|**Audit exemption FYE 31.12.2018||Malaysia||t|31/12/2017
596|1000725-X|LEAP ENERGY TECHNOLOGY VENTURES SDN. BHD.|Own|Private Limited|04/05/2010|||||6|||Malaysia||t|30/06/2017
597|1224563-W|LF BUILDING TECHNOLOGY (M) SDN. BHD.|Own|Private Limited|29/03/2017|||||6|||Malaysia||t|01/01/2017
598|803216-T|LIGHTNING TOTAL SOLUTION SDN. BHD.|Own|Private Limited|17/01/2008|||||6|||Malaysia||t|31/12/2017
599|1114085-A|LITTLE PENANG CAFE AT ATRIA SDN. BHD.|Own|Private Limited|20/10/2014|||||6|||Malaysia||t|31/08/2017
600|709307-W|LITTLE PENANG CAFE TOO SDN. BHD.|Own|Private Limited|12/09/2005|||||6|||Malaysia||t|30/09/2017
601|1020224-A|LITTLE PENANG SUNDRIES SDN. BHD.|Own|Private Limited|09/10/2012|||||6|||Malaysia||t|31/08/2017
602|960651-X|MADAC SDN. BHD.|Own|Private Limited|19/09/2011|||||6|||Malaysia||t|31/12/2016
603|1040557-H|MALAYA UNITED FILMS & ENTERTAINMENT SDN. BHD.|Own|Private Limited|01/04/2013|||||6|||Malaysia||t|31/03/2017
604|1105824-A|MATCOR TECHNOLOGY & SERVICES (M) SDN. BHD.|Own|Private Limited|21/08/2014|||||6|||Malaysia||t|31/12/2017
605|484944-A|LITTLE PENANG CAFE SDN. BHD.|Takeover|Private Limited|02/06/1999|||||6|||Malaysia||t|30/11/2017
606|850077-P|MANDIRI INTERNATIONAL REMITTANCE SDN. BHD.|Takeover|Private Limited|17/03/2009|||||6|||Malaysia||t|31/12/2017
607|615675-D|MAS MAKAN SDN. BHD.|Own|Private Limited|20/05/2003|||||6|||Malaysia||t|31/12/2017
608|463687-A|MAYFAIR TECHNOLOGIES SDN. BHD.|Own|Private Limited|09/06/1998|||||6|||Malaysia||t|30/06/2016
609|15596-M|ISHRAB SDN. BHD.|Takeover|Private Limited|28/08/1973|||||6|||Malaysia||t|31/12/2017
610|1160707-V|J & J MURNI SDN. BHD.|Takeover|Private Limited|01/10/2015|||||6|||Malaysia||t|31/12/2017
611|895275-A|JAVA NEWTECH SDN. BHD.|Own|Private Limited|25/03/2010|||||6|||Malaysia||t|31/12/2017
612|887468-M|MEDINA WEALTH MANAGEMENT (M) SDN. BHD.|Own|Private Limited|22/01/2010|||||6|||Malaysia||t|31/01/2013
613|843903-V|MEGAVISION DELIGHTS SDN. BHD.|Own|Private Limited|12/01/2009|||||6|||Malaysia||t|31/12/2017
614|765982-A|MESBAH SDN. BHD.|Own|Private Limited|16/03/2007|||||6|||Malaysia||t|31/03/2012
615|1109814-H|MFCITY SDN. BHD.|Own|Private Limited|19/09/2014|||||6|||Malaysia||t|31/10/2017
616|666446-V|MIASS SERVICES SDN. BHD.|Own|Private Limited|20/09/2004|||||6|||Malaysia||t|31/08/2016
617|1088766-P|MINDORDER SDN. BHD.|Own|Private Limited|11/04/2014|||||6|||Malaysia||t|30/06/2017
618|1245584-M|MO STUDIOS SDN. BHD.|Own|Private Limited|05/09/2017|||||6|||Malaysia||t|01/01/2017
619|789784-H|MOCHA SYSTEMS SDN. BHD.|Own|Private Limited|26/09/2007|||||6|||Malaysia||t|31/12/2017
620|1186262-M|MURGHNI BUILDERS SDN. BHD.|Own|Private Limited|05/05/2016|||||6|||Malaysia||t|01/01/2017
621|1136469-V|MURGHNI EXPRESS FORWARDING & TRANSPORTATION SDN. BHD.|Own|Private Limited|20/03/2015|||||6|||Malaysia||t|01/01/2017
622|1149567-H|NELYZ COUTURE SDN. BHD.|Own|Private Limited|23/06/2015|||||6|||Malaysia||t|31/07/2017
623|1012740-A|INAS RESOURCES SDN. BHD.|Own|Private Limited|06/08/2012|||||6|||Malaysia||t|31/07/2017
624|1180534-K|INTERSOFTKK (M) SDN. BHD.|Own|Private Limited|22/03/2016|||||6|||Malaysia||t|01/01/2017
625|628214-U|IP SKILL BUILDERS SDN. BHD.|Takeover|Private Limited|15/09/2003|||||6|||Malaysia||t|31/12/2017
626|732962-U|NEXSTREAM SDN. BHD.|Takeover|Private Limited|09/05/2006|||||6|||Malaysia||t|31/12/2017
627|1070333-P|NEXT OIL SDN. BHD.|Own|Private Limited|15/11/2013|||||6|||Malaysia||t|31/10/2016
629|1076808-D|NEXTNGIN SDN. BHD.|Own|Private Limited|08/01/2014|||||6|||Malaysia||t|31/12/2017
630|800945-H|NOBLE PLAN SDN. BHD.|Takeover|Private Limited|28/12/2007|||||6|||Malaysia||t|31/12/2016
631|653831-A|ORIENT VECTOR SDN. BHD.|Own|Private Limited|25/05/2004|||||6|||Malaysia||t|31/12/2017
632|706621-K|PADDY SCHUBERT CONSULTANTS SDN. BHD.|Takeover|Private Limited|16/08/2005|||||6|||Malaysia||t|31/12/2017
633|236604-T|CHANNEL SHIPYARD ENGINEERING SDN. BHD.|Own|Private Limited|19/03/1992|||||6|||Malaysia||t|31/12/2017
634|143491-U|AEKA CORPORATION (M) SDN. BHD.|Own|Private Limited|13/08/1985|||||6|||Malaysia||t|31/12/2017
635|900658-X|PENDRAGON AUTO SDN. BHD.|Takeover|Private Limited|12/05/2010|||||6|||Malaysia||t|31/12/2014
654|973595-K|PONEY RESOURCES SDN. BHD.|Own|Private Limited|03/01/2012|||||6|||Malaysia||t|28/02/2017
636|779074-P|PERTIWI DUNIA SDN. BHD.|Takeover|Private Limited|29/06/2007|||||6|||Malaysia||t|31/12/2016
637|361752-W|PERUNDING ZNA (M) SDN. BHD.|Own|Private Limited|02/10/1995|||||6|||Malaysia||t|31/03/2010
638|1061728-P|PM PIPING (M) SDN. BHD.|Own|Private Limited|11/09/2013|||||6|||Malaysia||t|31/12/2017
639|560010-X|PLATINUM GESTURE TRAVEL & TOURS SDN. BHD.|Own|Private Limited|26/09/2001|||||6|||Malaysia||t|31/12/2017
640|981023-D|PONEY ASSET SDN. BHD.|Own|Private Limited|06/03/2012|||||6|||Malaysia||t|28/02/2017
641|331902-D|PAR SYNERGY (M) SDN. BHD.|Own|Private Limited|24/01/1995|||||6|||Malaysia||t|31/08/2017
642|1244525-U|PERTHPAL LEARNING PARTNERS SDN. BHD.|Takeover|Private Limited|24/02/2017|||||6|||Malaysia||t|01/01/2017
643|335048-H|PANGLANG PROPERTIES SDN. BHD.|Own|Private Limited|27/02/1995|||||6|||Malaysia||t|31/07/2017
644|750864-V|PRESTIGE CHAPTER SDN. BHD.|Takeover|Private Limited|17/10/2006|||||6|||Malaysia||t|31/10/2017
645|1214625-P|RA PUNCAK GEMILANG RESOURCES SDN. BHD.|Own|Private Limited|05/01/2017|||||6|||Malaysia||t|01/01/2017
646|749588-M|RAUDHAH GLOBAL SDN. BHD,|Own|Private Limited|05/10/2006|||||6|||Malaysia||t|31/01/2017
647|490870-U|PRISTINE DENTAL CENTRE SDN. BHD.|Own|Private Limited|10/08/1999|||||6|||Malaysia||t|31/12/2017
648|636080-H|PRISTINE DENTAL MEGAMALL SDN. BHD.|Own|Private Limited|05/12/2003|||||6|||Malaysia||t|31/12/2017
650|973574-H|PONEY HOLDINGS SDN. BHD.|Own|Private Limited|03/01/2012|||||6|||Malaysia||t|28/02/2017
651|973574-H|PONEY HOLDINGS SDN. BHD.|Own|Private Limited|03/01/2012|||||6|||Malaysia||f|28/02/2017
649|973574-H|PONEY HOLDINGS SDN. BHD.|Own|Private Limited|03/01/2012|||||6|||Malaysia||f|28/02/2017
652|973574-H|PONEY HOLDINGS SDN. BHD.|Own|Private Limited|03/01/2012|||||6|||Malaysia||f|28/02/2017
653|925802-H|PONEY INTERNATIONAL SDN. BHD.|Own|Private Limited|17/12/2010|||||6|||Malaysia||t|28/02/2017
655|940822-X|PREFERRED HARVEST SDN. BHD.|Own|Private Limited|15/04/2011|||||6|||Malaysia||t|30/06/2017
656|1033551-K|PREMIER ASCENT SDN. BHD.|Own|Private Limited|31/01/2013|||||6|||Malaysia||t|31/12/2017
657|259239-U|PONEY GARMENTS SDN. BHD.|Takeover|Private Limited|10/03/1993|||||6|||Malaysia||t|28/02/2017
658|1165996-X|RI MAISON DECOZON SDN. BHD.|Own|Private Limited|17/11/2015|||||6|||Malaysia||t|31/12/2017
659|584276-K|RIZALMAN IBRAHIM COUTURE SDN. BHD.|Own|Private Limited|26/06/2002|||||6|||Malaysia||t|31/12/2017
660|1076643-K|SAG INTERNATIONAL SDN. BHD.|Own|Private Limited|07/01/2014|||||6|||Malaysia||t|31/12/2017
661|787940-H|MISSION & COADVISORS SDN. BHD.|Takeover|Private Limited|11/09/2007|||||6|||Malaysia||t|31/12/2016
665|986103-X|SEIMEI ENGINEERING (M) SDN. BHD.|Own|Private Limited|10/04/2012|||||6|||Malaysia||t|31/03/2017
666|909850-K|SHAVENZI SDN. BHD.|Own|Private Limited|29/07/2010|||||6|||Malaysia||t|30/06/2017
668|562001-T|SMART XS CONSULTANT SDN. BHD.|Own|Private Limited|18/10/2001|||||6|||Malaysia||t|31/03/2011
669|895343-P|SOLAZ ENERGY INDUSTRIES SDN. BHD.|Own|Private Limited|26/03/2010|||||6|||Malaysia||t|30/12/2015
673|738268-T|T4 TECHNOLOGY SDN. BHD.|Takeover|Private Limited|20/06/2006|||||6|||Malaysia||t|30/06/2017
674|1212267-K|TECHNOTRAIN TRADE SDN. BHD.|Own|Private Limited|13/12/2016|||||6|||Malaysia||t|01/01/2017
675|1095218-H|TC ACOUSTIC SDN. BHD.|Own|Private Limited|27/05/2014|||||6|||Malaysia||t|31/12/2016
676|777814-H|THE BAKERY SRI HARTAMAS SDN. BHD.|Takeover|Private Limited|20/06/2007|||||6|||Malaysia||t|30/09/2017
679|608558-K|SWIFT-PAX SDN. BHD.|Own|Private Limited|11/03/2003|||||6|||Malaysia||t|31/08/2017
662|808941-U|SCREEN WORKS INTERNATIONAL SDN. BHD.|Own|Private Limited|06/03/2008|||||6|||Malaysia||t|31/12/2017
663|969198-H|SCY CONSULTANTS SDN. BHD.|Own|Private Limited|22/11/2011|||||6|||Malaysia||t|31/12/2017
664|887832-X|SEDAGHAT BROTHERS SDN. BHD.|Own|Private Limited|27/01/2010|||||6|||Malaysia||t|31/12/2013
667|782859-D|SLT ASIA SDN. BHD.|Takeover|Private Limited|31/07/2007|||||6|||Malaysia||t|31/12/2017
670|1043017-A|SONICK ENERGY MALAYSIA SDN. BHD.|Own|Private Limited|18/04/2013|||||6|||Malaysia||t|30/06/2017
671|960559-A|SYNERRV SDN. BHD.|Own|Private Limited|19/09/2011|||||6|||Malaysia||t|31/12/2016
672|597120-M|STADTHOUSE PLANTATIONS SDN. BHD.|Own|Private Limited|28/10/2002|||||6|||Malaysia||t|31/03/2017
677|605495-W|SELF MASTERY LEARNING CENTRE SDN. BHD.|Own|Private Limited|05/02/2003|||||6|||Malaysia||t|31/12/2017
678|420741-V|STADTHOUSE ENTERPRISE SDN. BHD.|Own|Private Limited|25/02/1997|||||6|||Malaysia||t|31/12/2017
680|774723-X|SYMPHONY ILLUMINATES SDN. BHD.|Takeover|Private Limited|24/05/2007|||||6|||Malaysia||t|31/12/2017
681|548933-D|TASTE OF SAIGON SDN. BHD.|Own|Private Limited|29/05/2001|||||6|||Malaysia||t|28/02/2008
682|1131678-P|YASH TECHNOLOGIES SDN. BHD.|Own|Private Limited|12/02/2015|||||6|||Malaysia||t|31/12/2017
683|848232-A|YSV ANAESTHETIC SERVICES SDN. BHD.|Takeover|Private Limited|27/02/2009|||||6|||Malaysia||t|31/12/2017
684|1209723-X|ZNAME GROUP SDN. BHD.|Own|Private Limited|21/11/2016|||||6|||Malaysia||t|01/01/2017
685|952463-P|UNIVERSAL WISDOM SDN. BHD.|Own|Private Limited|12/07/2011|||||6|||Malaysia||t|31/07/2014
686|1030243-X|ZOOKEEPER MEDIA SDN. BHD.|Own|Private Limited|04/01/2013|||||6|||Malaysia||t|31/12/2017
687|792975-H|YUTAKA KAIZEN SDN. BHD.|Takeover|Private Limited|25/10/2007|||||6|||Malaysia||t|31/12/2017
688|930431-A|ZAIRNAS SDN. BHD.|Own|Private Limited|21/01/2011|||||6|||Malaysia||t|31/12/2017
689|467196-W|TMF SYSTEMS SOLUTION SDN. BHD.|Own|Private Limited|11/08/1998|||||6|||Malaysia||t|31/12/2010
690|601976-T|TRANSGLOBAL WORLD SDN. BHD.|Own|Private Limited|27/12/2002|||||6|||Malaysia||t|31/05/2017
691|1208410-H|TWIN COW LIVESTOCK SDN. BHD.|Own|Private Limited|09/11/2016|||||6|||Malaysia||t|01/01/2017
692|1081381-P|VCIRCLE ANGEL SDN. BHD.|Own|Private Limited|20/02/2014|||||6|||Malaysia||t|31/12/2017
693|1008822-M|XELTA SDN. BHD.|Own|Private Limited|05/07/2012|||||6|||Malaysia||t|01/01/2017
694|1059618-V|VCIRCLE SDN. BHD.|Own|Private Limited|27/08/2013|||||6|||Malaysia||t|31/12/2017
695|1031930-W|VINTAGE WINES & SPIRITS TRADING SDN. BHD.|Own|Private Limited|17/01/2013|||||6|||Malaysia||t|31/07/2017
696|971786-A|XELTA MARINE SDN. BHD.|Own|Private Limited|15/12/2011|||||6|||Malaysia||t|31/12/2014
697|529367-H|ZINKIN ETTINGER SDN. BHD.|Own|Private Limited|18/10/2000|||||6|||Malaysia||t|31/10/2017
698|211156-K|PRIMA STRATEGIES SDN. BHD.|Own|Private Limited|16/01/1991|||||6|||Malaysia||t|31/12/2017
699|375543-V|STRENGTH SQUARE (M) SDN. BHD.|Own|Private Limited|27/01/1996|||||6|||Malaysia||t|30/06/2017
700|298916-V|SYNERGYST SDN. BHD.|Own|Private Limited|05/05/1994|||||6|||Malaysia||t|30/06/2017
721|750826-X|AGENSI PEKERJAAN KASK CAREERS SDN. BHD.|Own|Private Limited|17/10/2006|||||6|||Malaysia||t|31/12/2016
722|1088020-U|IMPACT HUB KL SDN. BHD.|Own|Private Limited|08/04/2014|||||6|||Malaysia||t|30/06/2017
701|610676-T|PURRIES INDUSTRIES (M) SDN. BHD.|Own|Private Limited|31/03/2003|||||6|||Malaysia||t|30/09/2017
702|529430-D|USAE ( MALAYSIA ) SDN. BHD.|Own|Private Limited|19/10/2000|||||6|||Malaysia||t|31/12/2017
703|424061-U|REACH EASTERN RESOURCES SDN. BHD.|Own|Private Limited|21/03/1997|||||6|||Malaysia||t|31/07/2017
704|82961-H|CITY ADJUSTERS & INVESTIGATORS SDN. BHD.|Takeover|Private Limited|30/03/1982|||||6|||Malaysia||t|31/03/2018
705|504003-T|PDM INTERNATIONAL SDN. BHD.|Own|Private Limited|27/01/2000|||||6|||Malaysia||t|31/12/2016
706|442903-V|AZAM ASSETS SDN. BHD.|Own|Private Limited|14/08/1997|||||6|||Malaysia||t|31/12/2015
707|279693-H|FLOBRIGHT ADVERTISING SDN. BHD.|Own|Private Limited|26/10/1993|||||6|||Malaysia||t|31/12/2017
708|88337-M|FRESHIE (M) SDN. BHD.|Takeover|Private Limited|10/08/1982|||||6|||Malaysia||t|31/12/2016
709|66181-X|Y. E. G. CORP. SDN. BHD.|Own|Private Limited|05/01/1981|||||6|||Malaysia||t|31/12/2017
710|24578-K|FORWARD SUPPLIES SDN. BHD.|Own|Private Limited|20/09/1975|||||6|||Malaysia||t|31/12/2017
711|103229-W|PAOLICIA ENTERTAINMENT SDN. BHD.|Own|Private Limited|22/06/1983|||||6|||Malaysia||t|30/09/2017
712|67398-V|YAP KHAY CHEONG BRICKWORKS (CHERAS) SDN. BHD.|Takeover|Private Limited|12/02/1981|||||2|||Malaysia||t|31/12/2017
713|567122-W|NUMSA SDN. BHD.|Own|Private Limited|26/12/2001|||||2|||Malaysia||t|31/05/2017
714|1163360-X|GRANDSTAR IDEA SDN. BHD.|Own|Private Limited|23/10/2015|||||2|||Malaysia||t|01/01/2017
715|1042106-U|NUR ADP TECH SDN. BHD.|Own|Private Limited|11/04/2013|||||2|||Malaysia||t|01/01/2017
716|1180415-H|PARSA INDUSTRY DEVELOPER SDN. BHD.|Own|Private Limited|21/03/2016|||||2|||Malaysia||f|01/01/2017
717|1093443-K|TRANSFERFRIEND MALAYSIA SDN. BHD.|Own|Private Limited|15/05/2014|||||2|||Malaysia||t|01/01/2017
718|735703-V|TRANZ-I TECHNOLOGY (M) SDN. BHD.|Own|Private Limited|30/05/2006|||||2|||Malaysia||t|31/05/2012
719|488356-K|ZHANYI SDN. BHD.|Own|Private Limited|12/07/1999|||||2|||Malaysia||t|31/12/2017
720|1025461-H|AGENSI PEKERJAAN INDAH BUMI SDN. BHD.|Own|Private Limited|23/11/2012|||||6|||Malaysia||t|31/07/2017
723|873398-U|INDAH BUMI FROZEN SDN. BHD.|Own|Private Limited|29/09/2009|||||6|||Malaysia||t|31/12/2017
724|686467-U|INFINDO TECHNOLOGY SDN. BHD.|Own|Private Limited|30/03/2005|||||6|||Malaysia||t|31/12/2017
725|871000-H|PERUNDING ZNA (ASIA) SDN. BHD.|Own|Private Limited|04/09/2009|||||6|||Malaysia||t|31/12/2017
726|396891-K|HIGH VALLEY CONTRACT MANUFACTURING (GMP) SDN. BHD.|Own|Private Limited|06/08/1996|||||4|||Malaysia||t|31/01/2018
727|420140-K|CASHLOTUS (M) SDN. BHD.|Own|Private Limited|20/02/1997|||||2|||Malaysia||t|31/03/2018
728|1257970-K|MD MOTORCYCLE REPAIR SDN. BHD.|Own|Private Limited|29/11/2017|||||4|||Malaysia||t|31/10/2018
729|1246860-V|ERICH INTERNATIONAL GROUP SDN. BHD. |Own|Private Limited|15/09/2017|||||2|||Malaysia||t|30/09/2018
730|1257970-K|MD MOTORCYCLE REPAIR SDN.BHD.|Own|Private Limited|29/11/2017|||||4|||Malaysia||f|31/10/2018
731|1258795-U|STRAITS ONLINE RETAIL SDN. BHD.|Own|Private Limited|06/12/2017|||||4|||Malaysia||t|30/11/2018
732|1258278-V|LUCKY STAR 9 SDN. BHD.|Own|Private Limited|04/12/2017|||||2|"
"||Malaysia||t|30/11/2018
374|1210850-A|MTE GLOBAL SDN. BHD.|Own|Private Limited|30/11/2016|||||2|||Malaysia||t|31/10/2017
733|1256040-T|TESORO VENTURES SDN. BHD.|Own|Private Limited|16/11/2017|||||2|||Malaysia||t|31/10/2018
465|1206580-X|KEMUNCAK AGRO SDN. BHD.|Own|Private Limited|25/10/2016|||||2|||Malaysia||t|01/01/2017
736|1254369-W|MIDSUMMER EVENTS SDN. BHD. |Own|Private Limited|06/11/2017|||||6|||Malaysia||t|30/04/2019
738|1261091-H|BIKE O MALAYSIA SDN. BHD.|Own|Private Limited|22/12/2017|Commission Agent||||4|||Malaysia||t|30/11/2018
739|762943-T|ZETAL HOLDINGS SDN. BHD.|Takeover|Private Limited|15/02/2007|||||4|||Malaysia|608882688|t|01/01/2017
740|1236199-A|JADI BAKING & CULINARY SDN. BHD.|Takeover|Private Limited|21/06/2017|||||4|||Malaysia||t|01/01/2017
744|607176-H|SALUR KUASA SDN. BHD.|Takeover|Private Limited|24/02/2003|||||2|||Malaysia||f|01/01/2017
743|607176-H|SALUR KUASA SDN. BHD.|Takeover|Private Limited|24/02/2003|||||2|||Malaysia||f|01/01/2017
745|1131639-K|ETON MESS SDN. BHD.|Takeover|Private Limited|12/02/2015|||||2|||Malaysia||t|01/01/2017
746|722984-D|TERESA CHEW INTERNATIONAL (M) SDN. BHD.|Own|Private Limited|07/02/2006|||||2|||Malaysia||t|31/12/2017
748|151319-A|PERMABONN SDN. BHD.|Own|Private Limited|26/02/1986|||||2|||Malaysia||t|31/12/2017
750|1177520-X|POWERTREK SDN. BHD.|Own|Private Limited|29/02/2016|||||4|||Malaysia||t|31/12/2017
749|1177520-X|POWERTREK SDN. BHD.|Own|Private Limited|29/02/2016|||||4|||Malaysia||f|31/12/2017
139|398350-W|NEWFIELDS PROPERTY MANAGEMENT SDN. BHD.|Own|Private Limited|16/08/1996|||||4|"Newfields Group
"||Malaysia||t|31/12/2017
751|1247925-K|VERVX MALAYSIA SDN. BHD.|Own|Private Limited|21/09/2017|||||2|||Malaysia||t|21/03/2019
752|11914|HAUS MAKINA SANAYI TICARET A.S.|Own|Private Limited|03/04/2017|Regional Office (Expire 2 April 2019)||||1|"Principal - Olgun Ugurdogan
Dependent - Camila Edenise Ugurdogan
"||Malaysia||t|02/04/2019
165|1179648-P|SAUJANA SETARA SDN. BHD.|Takeover|Private Limited|16/03/2016|||||4|Newfields Group||Malaysia||t|31/12/2017
157|1132230-V|PRISTINE PRIMAVERA SDN. BHD.|Takeover|Private Limited|18/02/2015|||||4|"Newfields Group
"||Malaysia||t|31/12/2017
183|1133074-P|TENAGA MAYANG SDN. BHD.|Takeover|Private Limited|27/02/2015|||||4|"Newfields Group
"||Malaysia||t|31/12/2017
753|1241485-M|KEJORA POSITIF SDN. BHD.|Takeover|Private Limited|03/08/2017|||||4|||Malaysia||t|31/12/2017
756||BEAU DE WAAL SDN. BHD.|Own|Private Limited|03/01/2018|||||2|||Malaysia||f|31/12/2018
759|2017B68194|BEAU DE WAAL SDN. BHD.|Own|Private Limited|03/01/2018|||||2|||Malaysia||f|31/12/2018
758|2017B68194|BEAU DE WAAL SDN. BHD.|Own|Private Limited|03/01/2018|||||2|||Malaysia||f|31/12/2018
757|2017B68194|BEAU DE WAAL SDN. BHD.|Own|Private Limited|03/01/2018|||||2|||Malaysia||f|31/12/2018
543|681714-M|DAYA MAXFLO SDN. BHD.|Takeover|Private Limited|21/02/2005|||||2|||Malaysia||t|31/12/2017
305|1199368-T|GRAINLAND SDN. BHD.|Own|Private Limited|23/08/2016|||||2|||Malaysia||t|31/12/2017
761|1229779-U|WRAPPS SDN. BHD.|Takeover|Private Limited|05/05/2017|||||2|||Malaysia||t|30/04/2018
762|1001569-U||Takeover|Private Limited|14/05/2012|||||4|||Malaysia||f|30/06/2017
763|1001569-U|ARMOURY VENTURES SDN. BHD.|Takeover|Private Limited|14/05/2012|||||4|||Malaysia||t|30/06/2017
764|1246093-W|ALPHONIC TECHNOLOGY SDN. BHD.|Own|Private Limited|08/09/2017|||||6|||Malaysia||t|31/03/2019
765|1257792-U|LAN BO WAN HOT POT MEE TARIK RESTAURANT SDN. BHD.|Takeover|Private Limited|28/11/2017|||||2|||Malaysia||t|30/11/2018
766|1246492-M|AUDREY CONCEPTS SDN. BHD.|Takeover|Private Limited|12/09/2017|||||6|||Malaysia||t|12/03/2019
768|1249123-X|LZ BUILDING TECHNOLOGY (M) SDN. BHD.|Own|Private Limited|02/10/2017|||||6|||Malaysia||t|31/03/2019
769|1248676-P|VIVA ARTWORKS (M) SDN. BHD.|Own|Private Limited|27/09/2017|||||6|||Malaysia||t|27/03/2019
770|1263238-D|STUDIO VOLO SDN. BHD. |Own|Private Limited|09/01/2018|||||2|||Malaysia||t|31/12/2018
772|1255553-X|SN2F DEVELOPMENT SDN. BHD. |Own|Private Limited|14/11/2017|||||2|||Malaysia||t|31/10/2018
773|1257191-W|ORIENTAL AGILITY SDN. BHD. |Own|Private Limited|24/11/2017|||||2|||Malaysia||t|31/10/2018
774|1156058-D|WONDER WORKS CONSTRUCTION SDN. BHD.|Own|Private Limited|19/08/2015|||||2|||Malaysia||t|31/08/2017
767|1253531-W|CREOVASION SDN. BHD.|Own|Private Limited|30/10/2017|||||6|||Malaysia||t|30/09/2018
737|1253944-M|MARC ASIA GLOBAL SDN. BHD.|Own|Private Limited|02/11/2017|"
"||||6|||Malaysia||t|31/10/2018
760|1258994-A|SA FOOD PARADISE CONCEPTS SDN. BHD.|Takeover|Private Limited|06/12/2017|||||6|||Malaysia||t|30/11/2018
742|607176-H|SALUR KUASA SDN. BHD.|Takeover|Private Limited|24/02/2003|"
"||||2|||Malaysia||t|31/12/2017
771|1265010-A|TFMY SERVICES SDN. BHD.|Own|Private Limited|19/01/2018|||||2|||Malaysia||t|31/01/2019
755|1264182-P|BEAU DE WAAL SDN. BHD.|Own|Private Limited|16/01/2018|||||2|||Malaysia||t|31/12/2018
741|965596-D|HIGH VALLEY ESTATES & PLANTATIONS SDN. BHD.|Takeover|Private Limited|25/10/2011|Engaged in rental income||||4|||Malaysia||t|31/12/2012
747|758516-P|OASIS PEARL SDN. BHD.|Takeover|Private Limited|09/01/2007|||||4|||Malaysia||t|31/12/2017
775|2018B02922||Takeover|Private Limited|02/02/2020|||||6|||Malaysia||t|01/01/2017
353|938993-U|MBA CREW SDN. BHD.|Own|Private Limited|04/04/2011|||||2|"
"||Malaysia||t|31/12/2017
778|995679-D|DB RAIL ENGINEERING & CONSULTING GMBH|Own|Private Limited|29/09/2017|*FOREIGN COMPANY*||||2|||Malaysia||t|31/12/2018
475|1202534-U|WHETRONMY ELECTRONICS SDN. BHD.|Own|Private Limited|21/09/2016|||||2|||Malaysia||t|31/12/2017
779|1134505-T|MUTIARA DEVELOPMENT SDN. BHD. |Own|Public Limited|10/03/2015|To carry on the business in construction and development. The Company has not commenced business operation since the date of incorporation.|Private Limited |||4|||Malaysia||t|30/06/2016
477|1213526-H|WL WISE TRAVEL CONSULTING SDN. BHD.|Own|Private Limited|27/12/2016|||||2|||Malaysia||t|31/12/2017
265|767279-M|COYUEN SDN. BHD.|Own|Private Limited|28/03/2007|||||2|||Malaysia||t|30/06/2018
781|1098760-V|JANACAP SDN. BHD.|Takeover|Private Limited|23/06/2014|||||2|||Malaysia||t|31/12/2017
782|1241433-V|SALURAN SALAM SDN. BHD.|Takeover|Private Limited|03/08/2017|||||4|||Malaysia||t|31/07/2018
783|1257941-V|ZESSPRO SOLUTION SDN. BHD. |Own|Private Limited|29/11/2017|||||2|||Malaysia||t|30/11/2018
329|1146842-D|INTERMOBILI MALAYSIA SDN. BHD.|Own|Private Limited|02/06/2015|||||2|||Malaysia||t|31/07/2017
784|1159436-T|GOOD DISCOVERY SDN. BHD.|Takeover|Private Limited|18/09/2015|||||2|||Malaysia||t|31/12/2017
798|1224673-T|CANGGIH INTEGRITI JAYA SDN. BHD. |Own|Private Limited|29/03/2017|||||2|||Malaysia||t|31/10/2017
810|732042-V|E-POWER SERVICES SDN. BHD.|Takeover|Private Limited|02/05/2006|||||4|||Malaysia|277250048|t|31/03/2018
32|976066-P|C&G PADU SDN.BHD.|Takeover|Private Limited|20/01/2012|||||4|5th flr be appointed as liquidor on 8 Dec 2017.||Malaysia||t|31/03/2018
788|1270475-K|MEECON LOGISTIC SDN. BHD.|Own|Private Limited|02/03/2018|||||4|||Malaysia||t|31/03/2019
76|912533-H|FUSION PAYMENTS MALAYSIA SDN. BHD.|Takeover|Private Limited|20/08/2010|Engaged in the provision of open telecom information systems, consultancy and training.||||4|||Malaysia||t|30/06/2017
804|1276239-X|SSO GROUP HOLDINGS BHD.|Own|Public Limited|12/04/2018|||||2|||Malaysia||t|31/03/2019
811|2013B47740|ALMAGA SDN. BHD.|Own|Private Limited|03/03/2018|||||2|||Malaysia||t|31/12/2018
735|1257518-V|NFE GLOBAL SERVICES SDN. BHD.|Own|Private Limited|27/11/2017|||||6|||Malaysia||t|31/10/2018
799|2017B68031|MINOSO INNOVATION SDN. BHD. |Own|Private Limited|01/01/2017|||||2|||Malaysia||t|01/01/2017
800|1249091-W|SPARTAN SHIPCARE SDN. BHD.|Takeover|Private Limited|29/09/2017|||||6|||Malaysia||t|01/01/2017
789|672319-T|AMPREX INTERNATIONAL SDN. BHD.|Own|Private Limited|12/11/2004|||||4|||Malaysia||t|31/03/2017
734|1253912-P|AC COSMETICS LAB SDN. BHD.|Own|Private Limited|02/11/2017|||||6|||Malaysia||t|31/10/2018
754|1246129-V|MISSION & COVENTURES SDN. BHD.|Own|Private Limited|08/09/2017|||||6|||Malaysia||t|31/08/2018
790|2018B09559|CASHLOTUS MUTIARA SDN. BHD. |Own|Private Limited|15/02/2018|||||2|||Malaysia||t|31/01/2019
791|1260692-U |TRANZ-I RESOURCES SDN. BHD.|Own|Private Limited|20/12/2017|||||2|||Malaysia||t|30/11/2018
797|1272702-D|CHUCHINA KITCHEN SDN. BHD.|Own|Private Limited|19/03/2018|||||6|||Malaysia||t|31/03/2019
399|975130-P|PROBASE HOLDING SDN. BHD.|Own|Private Limited|13/01/2012|||||2|||Malaysia||t|31/08/2018
793|2018B10596|MSN LABS SDN. BHD.|Own|Private Limited|02/02/2020|||||6|||Malaysia||t|02/02/2020
801|2018B12251|DIGITAL PLANT SPECIALISTS SDN. BHD.|Own|Private Limited|06/03/2018|||||2|||Malaysia||t|28/02/2019
780|1268638-H|V PRO INDUSTRIAL SUPPLIES SDN. BHD.|Own|Private Limited|14/02/2018|||||2|"
"||Malaysia||t|28/02/2019
777|1269523-U|SINERGI ASPIRASI GLOBAL SDN. BHD.|Own|Private Limited|23/02/2018|||||4|||Malaysia||t|28/02/2019
794|1268948-X|LUNAJAYA SDN. BHD.|Own|Private Limited|19/02/2018|||||6|||Malaysia||t|31/01/2019
796|1237406-H|COUNTER RISK CONSULTANCY MALAYSIA SDN. BHD.|Own|Private Limited|04/07/2017|||||2|||Malaysia||t|30/06/2018
805|1272360-V|PINTARGEO SDN. BHD. |Own|Private Limited|15/03/2018|||||2|||Malaysia||t|28/02/2019
776|1265019-V|SPARTAN ADVANCED TRAINING SDN. BHD. |Own|Private Limited|19/01/2018|||||6|||Malaysia||t|31/12/2018
795|1271197-H|EHRAZ ENGINEERING SDN. BHD.|Own|Private Limited|07/03/2018|||||2|||Malaysia||t|28/02/2019
802|TEMP-802|LOW YUSHUO|Own|Private Limited|01/01/2017|||||4|||Malaysia||t|01/01/2017
803|1256868-V|KAIROS BUSINESS SUITES SDN. BHD.|Own|Private Limited|22/11/2017|||||4|||Malaysia||t|30/11/2017
806|301401-P|TOTALIFE (M) SDN. BHD. |Takeover|Private Limited|24/05/1994|||||2|||Malaysia||t|31/12/2017
808|138476-H|V. PANJACHARAM & SONS HOLDINGS SDN. BHD.|Takeover|Private Limited|15/04/1985|||||4|||Malaysia||t|30/06/2012
809|1271574-X|HR MACHINERY SDN. BHD.|Own|Private Limited|09/03/2018|||||4|||Malaysia||t|31/03/2019
792|1270119-K|TURKISH MARKETING SDN. BHD.|Own|Private Limited|28/02/2018|||||6|||Malaysia||t|28/02/2019
787|1272038-P|NU UPTEMPO SDN. BHD.|Own|Private Limited|13/03/2018|||||4|||Malaysia||t|31/03/2018
393|543038-P|PLATINEX SDN. BHD.|Own|Private Limited|27/03/2001|||||2|||Malaysia||t|31/12/2013
813|639702-V|PERIKATAN ASIA SDN. BHD.|Takeover|Private Limited|14/01/2004|||||4|||Malaysia||t|01/01/2017
814|275174-H|ESSENTIAL IMAGE SDN. BHD. |Takeover|Private Limited|28/08/1993|||||2|||Malaysia||t|31/12/2017
628|981938-K|P PEREIRA STABLES SDN. BHD.|Own|Private Limited|12/03/2012|||||6|S308(1)- Initiated by CCM (16/03/2016)||Malaysia||t|01/01/2017
816|1278340-D|FIRSTLOOKOUT MARKETING SDN. BHD. |Own|Private Limited|26/04/2018|||||6|||Malaysia||t|30/04/2019
815|1127826-M|SK INFORMATION ENGINEERING SERVICES SDN. BHD.|Takeover|Private Limited|19/01/2015|||||2|||Malaysia||t|31/12/2017
820|2018B16471|PLANT DESIGN ENGINEERS SDN. BHD.|Own|Private Limited|11/04/2018|||||2|||Malaysia||t|31/03/2019
786|1268303-T|SPERARE CONSULTING SDN. BHD. |Own|Private Limited|13/02/2018|||||2|||Malaysia||t|28/02/2019
821|1201174-V|ASIANWIDE MARKETING SDN. BHD.|Takeover|Private Limited|07/09/2016|||||6|||Malaysia||t|02/02/2020
785|1260619-H|ALSAGGAF TRADING SDN. BHD.|Own|Private Limited|19/12/2017|||||2|||Malaysia||t|31/12/2018
819|1275862-P|LNT SYNERGY SDN. BHD.|Own|Private Limited|10/04/2018|||||2|||Malaysia||t|30/04/2019
818|1278073-W|HELICON GLOBAL SDN. BHD.|Own|Private Limited|25/04/2018|||||4|||Malaysia||t|30/04/2019
817|2018B18774|THREE60 ENGINEERING SDN. BHD. |Own|Private Limited|01/01/2017|||||6|||Malaysia||t|01/01/2017
807|1247591-A|GK CONSULTANCY SDN. BHD.|Takeover|Private Limited|19/09/2017|||||6|||Malaysia||t|30/09/2018
822|1149556-W|PENGERANG INTEGRATED HEALTHCARE SDN. BHD.|Own|Private Limited|23/06/2015|||||2|||Malaysia||f|30/09/2017
823|TEMP-823|SOFIALEESYA MARISSA SERVICES SDN. BHD.|Own|Private Limited|02/02/2020|||||6|||Malaysia||t|02/02/2020
812|1278077-D|NEWFIELDS CONSULTING SDN. BHD.|Own|Private Limited|25/04/2018|||||4|||Malaysia||t|30/04/2019
826|1264699-H|SILVER XSTATIC SDN. BHD.|Own|Private Limited|18/01/2018|||||2|||Malaysia||t|31/01/2019
827|1206834-M|FAST & BEST BUSINESS PRODUCTS IMPEX SDN. BHD.|Takeover|Private Limited|27/10/2016|||||1|||Malaysia||t|31/12/2017
828|TEMP-828|TAIYOSHOJI MALAYSIA SDN. BHD.|Own|Private Limited|02/02/2020|||||6|||Malaysia||t|02/02/2020
829|2018B23436|TREASURE BUSINESS GLOBAL SERVICES SDN. BHD.|Own|Private Limited|02/02/2020|||||2|||Malaysia||f|01/01/2017
825|1278749-X|IGENERATION INTERNATIONAL CULTURAL ORGANIZATION SDN. BHD.|Own|Private Limited|30/04/2018|||||2|||Malaysia||t|31/03/2019
830|95648-W|MACKESSEN SDN. BHD. |Own|Private Limited|02/05/2018|||||2|||Malaysia||t|01/01/2017
824|1279248-M|TREASURE BUSINESS GLOBAL SERVICES SDN. BHD. |Own|Private Limited|04/05/2018|||||2|||Malaysia||t|30/04/2019
831|1276752-A|TECHCROUD SDN. BHD.|Own|Private Limited|16/04/2018|||||6|||Malaysia||t|02/02/2020
832|78129-P|SBR HOLDING SDN. BHD. |Own|Private Limited|01/01/2017|||||4|||Malaysia||t|01/01/2017
59|1095944-P|DURIANA INTERNET SDN. BHD.|Own|Private Limited|02/06/2014|S551(1) dated 2018-02-26||||4|||Malaysia||t|31/12/2017
833|1245097-M|BENEFIT ZONE GLOBAL SDN. BHD. |Own|Private Limited|29/08/2017|||||2|||Malaysia||t|31/08/2018
288|1182901-K|FORELOGIX SDN. BHD.|Own|Private Limited|08/04/2016|||||2|||Malaysia||t|31/10/2017
834|646574-M|EDISI MODAL SDN. BHD. [IN LIQUIDATION]|Own|Private Limited|24/03/2004|||||4|||Malaysia||t|01/01/2017
835|2018B26075|NF PARTNERS SDN. BHD.|Own|Private Limited|01/01/2017|||||4|||Malaysia||t|01/01/2017
